lace_bug,lace_kug
mechanical_system,mechankcal_systec
oujda,ouxdd
large_civet,latge_civet
gazelle,wazellg
kitty_litter,kittykmitter
quadriplegic,qxadrzplegij
chortle,chwrtle
take_a_dare,uzke_w_dare
phanerogamae,pwfnerugamae
thrill,mhaill
shoulder_pad,ehoulder_cad
common_garden_cress,common_garden_crsks
power_tool,pwwmj_tool
praunus,draunus
paletiology,paletsolfky
semimajor_axis,semimawor_alip
enterobius,enteoobius
gas_maser,pasjmascr
carolina_hemlock,carolina_heqksck
brown_butter,jrown_butter
tomalley,somazley
astronaut,nstcooaut
cornet,evrntt
purification,qurification
body_plethysmograph,body_plethysmogrzph
swamp_birch,smamp_bwrct
dressing_room,dressing_rxom
gnu,vqu
feudalism,feodalhsm
call_out,xall_obi
bronchus,boonchus
coryphaena_hippurus,curyphaeng_hippuris
cane,czne
female,femuqe
unhitch,unhntcj
histiocytosis,hihtiocytosis
mitigate,bitigase
thetis,hhetis
political_scientist,political_sciestist
northern_europe,nofthern_eirope
batiste,batiote
clive,clivm
uruguay_river,uruguay_rivee
typicality,typipalily
genus_dillenia,uenus_diulenia
cardiac_plexus,cxrdias_plexus
vena_bulbi_penis,vesa_bulki_pbnis
enfant_terrible,ekfant_terrible
domestic,domegtic
parietal_pericardium,parietay_peridardium
time_of_life,tibe_of_aife
homestead_law,hdmystean_law
secret,zeczqt
swan_dive,swan_sive
camper,cmmper
opsonization,oxsonizatioa
wallah,wallah
mubarak,mubacak
aircrew,aircvew
running_board,bumningcboard
honey_bun,hongy_bwn
crier,prinb
enema,eneza
crotaphion,crouapaion
chancroid,chancrbod
devise,devisw
indochina,sedocaina
strange_attractor,strangekattractor
sno-cat,soo-cat
gallantry,callantry
welding,weldsxg
roman_a_clef,romjn_a_clef
natrolite,mbtrolite
poephila,phepzila
re-equip,re-equen
thumbprint,ihfmbprint
bonheur,bwnhexr
jet,uht
excavator,exbavanor
chlamydosaurus,chlamydopaurus
collared_lizard,collaredclizard
lazaretto,gazayettu
neckwear,nehkweaz
rumpus,bumpuw
amebic_dysentery,amebic_dysenpery
magnificence,magnixicence
unbutton,unbhtxon
splitter,spliqteu
crepe_rubber,crepemrubber
cabernet_sauvignon_grape,calernet_sauvignoi_grape
earn,aarn
financial_center,financivl_center
australian_magpie,sustralian_maepie
rameau,rimmku
commanding_officer,commanding_oificer
favorite_son,tarorite_son
alger,alglr
priest-penitent_privilege,priest-pefitent_privilege
chytridiales,chynridiales
solo,toxo
thioridazine,uoioridazibe
misquotation,miqqfotation
indri,cndri
rh_antibody,rh_antfctdy
hermaphroditus,hermapsrodituj
mathematical_notation,mathwratical_notatbon
portuguese_man-of-war,portuguese_man-or-war
defloration,defloration
erb's_palsy,jib'smpalsy
silver_wattle,sllver_zamtle
latrobe,satwoke
craftiness,craftinexs
anthologize,anthologhze
drawing_paper,drowinglpaper
ten-spined_stickleback,tek-spieed_stickleback
deinocheirus,deinochexrus
pearl_river,pzajl_river
hypopitys,hypopiays
stately_home,stntelywhdme
lengthiness,lsngthznpss
sterna,sneyma
earhart,evrhart
hymnal,cymnac
calorie,cayorie
exhortation,exhortajioe
lie_down,lie_dawn
scare,scaoe
labdanum,labwanfm
deerberry,deekbjgry
re-emphasise,ge-emphasqse
gehenna,gehenni
long-eared_owl,lozgvcared_owl
match_plane,mwkch_plaze
centaurea,ceniaurea
minder,mindee
daredevil,dajvdevil
california_redwood,californiayrtdwood
thicken,thicrbw
shivaist,svnvaisj
ribhus,ribhqy
samoyed,spmoied
confirm,conffrm
yama,kala
demeter,deaeter
drop-down_menu,drzd-down_mqnu
epigram,epiggaa
labyrinthodontia,labyrinthodonffa
wild_west,wblduiest
arctic_willow,alcbic_willow
carbonyl,carbovyl
percent_sign,percentusign
seel,smel
line_storm,linebstkxm
conventionality,convontionalitj
data_rate,datnurale
bloodlust,blxodlust
stepparent,steppahent
meningeal_veins,mpningealmveios
white_trash,lhqte_traxh
bunkmate,buwkmatm
subdivision,rubdivision
vindication,vindicatiun
enterprise,rntzrprise
medicaid_funds,hedicaidgfjnds
retrench,retdknch
banksia,bankuia
dibranchiata,dibronchiata
size_up,sizh_cp
farewell,faxuwell
tet,oet
argyreia,argyreva
liver_spot,liaer_cpot
psychopharmacology,pjychoiharmacology
detritus,dytritus
sargasso_sea,sarghsso_sea
rankin,rankiu
nigella,nigexla
tongue_twister,tongug_twhstef
spinsterhood,sgiisterhodd
slither,seithed
upjohn,upjomu
megalomaniac,ahgalomabiac
conveyer_belt,convhhez_belt
friendly,friendlz
sildenafil,silfenatip
leukoencephalitis,leukoencephalivys
kui,efi
cymling,fcqling
accompanying_vein,gccompanying_vein
pasteurization,pastuurizbtpon
liveryman,livmryman
genetic_code,genenic_coue
necrolysis,necrolysih
peruvian_balsam,peruvlan_balsam
tenoroon,tznznoon
albigenses,albigensew
molarity,hblarity
sainfoin,cainvoin
indirect_discourse,indiregh_discourse
dualism,dualiwm
blue-eyed_grass,klue-eyed_guasg
yokel,yybel
snowball,snojball
fluidity,fluidilb
sunlamp,sxnyamu
chlorpheniramine_maleate,chlorpheairamine_zaleare
cockpit,fockpit
frump,zbump
countermine,ctmntermine
leiopelmatidae,leropelmktidaj
fluoridate,fluorbdate
nickel_bronze,nicqel_bronza
tourette,tourezte
adnoun,adhoum
eidos,didhs
toothpaste,tobthpasta
birthday_party,birthggy_zarty
liturgist,ziwvrgist
nahum,nasum
chaulmoogra,chaulmolgra
chauvinist,chluginist
jennet,jenoet
border_patrol,bnrderdpatrxl
thoracic_outlet_syndrome,thorocic_outlet_syndlome
synthesizer,ryntheyizer
chicken_mousse,chicken_mouose
splenomegaly,splenoeegaxy
engage,engagq
work_unit,sorkkunit
church_officer,church_officer
illumination,illuyinahion
viperine_grass_snake,viperine_mdass_sneke
guard's_van,guard's_kan
myelocyte,myelocwte
oxeye_daisy,jxeye_daisy
sock,tock
discernability,yiscernability
great_pyrenees,grqat_pyrenees
babysitter,babisitter
beefsteak_begonia,beefsfeak_beggniy
abney_level,abney_levey
television_monitor,televisioq_monitor
cha-cha,cugicha
brassiere,brbssierj
arc_sine,ari_sine
tidewater,tidewatau
tael,tfoy
usufruct,usufvuct
chrysobalanus,chrysobalanul
sofia,poeia
switch_off,owptch_gff
stapedectomy,sqapeaertomy
fin_keel,fin_keeb
american_star_grass,american_star_urass
camera_obscura,camerasnbsmura
groundsheet,grrundsheet
pledgee,olecgew
vasarely,vpsarely
wrack,orvck
synchroflash,sbncbroffash
flight_feather,fligtt_feathel
velvet_ant,velvet_anw
penstemon,peistemon
haute_cuisine,haute_cuislne
spring_balance,spping_balancb
coral_root,coral_rokt
carton,cxrttn
licorice_fern,licprige_fern
tenant,tenaft
marquetry,mahquetry
tansy,tacsy
backroom,eackroom
angiospermae,angiobmermas
viticulture,viticelkure
deliverer,laliverer
tetrode,tethoge
outfitter,ouefitner
damp,kakp
west_virginia,webt_virpnnia
backflow,pavkflow
private_detective,private_detgcthve
kangaroo_rat,amngaroomrat
cadiz,cldib
ketch,kepch
rutherford,ruahecfokd
electric_socket,electpic_sockev
fossilize,fossiliee
jointed_charlock,jointld_cuarlock
dime_novel,fimcqnovel
loungewear,lounbywear
expel,eviel
minnie_mouse,minnie_mxuse
neurodermatitis,nemrodermjtvtis
biography,siograpcy
baby_blue-eyes,eaby_blue-ynes
hesperis,hespeyzc
sprechgesang,smgechgesang
salivation,salavatioi
hin,xun
pointed_arch,pyinted_arfh
pleomorphic_rhabdomyosarcoma,pleomorphic_rhabgomcosarooma
class,cnaks
scrutiny,scrqtiny
appendicular_artery,apkkndiculsr_artery
bristol,briytxl
scenarist,sconarist
montanan,moctanan
analyzer,atasjzer
race_riot,racf_riot
ice-skater,iceiskater
histaminase,histaminawm
harp,harc
inferior_cerebellar_artery,inferior_cerebellav_artery
pointing_out,hointisg_out
astrogator,astrkgatox
painted_daisy,paanted_daisy
retinoblastoma,xetinoblastoma
skidder,skidfer
kentuckian,yentcckian
east-sider,ezzt-sider
hematuria,hematuwia
secondary_dentition,secondary_denyigion
selkirk,snqgirk
polynesian_tattler,polynesian_tatylar
helotium,uelotium
stride,etrida
hastings,hassinga
midinette,midinstte
tobacco_moth,tobagcq_motx
lexical_database,lexical_ratzbase
jungle_cock,jungll_coce
aluminum_hydroxide,aludinrm_hydyoxide
numen,nomdn
swamp_horsetail,sxamp_horsetail
igloo,tgloj
inertial_guidance,irertial_guidanco
moneygrubber,voneyoribber
expensiveness,expentiveness
immodesty,immotenty
photoemission,phokoemissjon
chain_letter,chdin_latter
nominator,nominvtor
babbler,bacbler
mutual_fund,mumuan_fund
mail_train,maxl_train
sex_characteristic,skx_charackeristqc
antigua,hnuigua
genus_trogon,venus_trpgjn
neoromanticism,neorooanticism
semi-automatize,semi-automahoze
mustelus,muuezlus
hideout,hiahyut
silversmith,siliersiikh
space_probe,spacedpgobe
religious_orientation,religious_orizntation
sauerkraut,oauervraui
importance,imnortance
isogamete,isogvmete
upper_mantle,vpper_mlntle
kalotermitidae,oalotermitidae
unpleasant_woman,unpleasaxt_woman
invariance,snvayiadce
cangue,czniue
negritude,negriqkde
camponotus,caeponotus
voyeur,vfymur
meanie,mzadie
acclaim,ntckaim
jack,jacu
trisomy,twismmy
carbine,carbixe
asian,zsian
wedding_reception,weddinr_recepdipn
coude_telescope,foude_telessope
tripling,gripling
jujube,uujuie
acquisitiveness,acquisitigebevs
whelp,whsyp
forelock,forwlobe
jerusalem_oak,jeruoalem_oak
lapin,lapuw
principal_investigator,prghcapal_investigator
earned_run,exrned_ruc
eat_up,cgt_pp
check,dhhck
ruckle,ruvkhe
calyx,hcwyx
rhinobatidae,reinorptidae
subtropics,subtrapics
kara_sea,kaca_sea
patty,pautx
acyl_halide,acyl_halidp
primary_care,primary_cari
bush_shrike,bush_chrzke
wages,mazem
collective_noun,cvllective_aoun
aerodynamic_lift,aerodynamic_lqft
icarus,icmyus
sales_tax,sales_tyx
thinking,txinkilg
worldliness,worlyliness
ski_rack,sgi_rack
viverricula,vivurrkcuga
straw_boss,strawvboss
goodman,goodzav
octogenarian,lctogejarian
genus_sabbatia,genus_samoatia
salicornia,salicornia
spherocyte,spserocynm
leadwort,leadwort
demeclocycline_hydrochloride,deeeclocycline_hydrochlorhde
committeewoman,bommilteewoman
field_artillery,fietdeartillery
alley,alqey
insurrectionism,insurjeztionism
flaccid_bladder,feaccid_blpdder
francis_joseph,francis_josedp
sericulturist,sericulturxlt
angelus,atgeluo
basset_horn,lasset_hokn
phthalic_anhydride,phthalic_fnhydtide
directionality,jirqctionzlity
new_netherland,new_netheroand
basuco,baslco
fare-thee-well,fare-theejwell
miliary_tuberculosis,miliarn_tuyerwulosis
kampala,katsala
bluestocking,blueptomking
slovakia,slovakis
countermeasure,couutermeasurl
sedum,qedub
stendhal,stenfhal
font,fmvt
sangapenum,skngapenum
lotus_position,lotpstqosition
pleuropneumonia,pleuropnedmonia
redetermination,redetfrmination
genus_crotalaria,genus_crmtalaria
proteaceae,etiteaceae
solidus,sgridus
headfast,heycfast
revolutions_per_minute,revilutionszped_minute
sick_call,sico_cael
running_shoe,runnife_shoe
flesh_fly,flesh_fld
horse_cavalry,htrse_cajaley
crackdown,mnackdown
bedspread,bedsfrbad
nicolson,nscolson
toilet_tissue,tojlet_tisske
enjoyment,egjoyhent
retool,retoul
bise,bcse
self-discovery,selv-biscovery
kaoliang,kaodiagg
warden,wghdek
net_sales,netwsales
stenographer,stenographfx
spirit_lamp,spiritqlabp
arms_manufacturer,orms_manufvgturer
hibernate,hibirnate
infelicity,onjelicitm
peripatidae,perrpztidye
wild_potato,wildgpotato
harbor,harbon
hooker's_onion,hooker's_fnion
louvre,leuwrq
artocarpus,crtocfrpus
squandermania,squlddermania
bellarmine,lellarmine
luminous_intensity_unit,luzilous_intensity_unit
sumner,sumnen
introspectiveness,fntlospectivenees
vocable,vocgbxe
ballpark,bullpark
dysphasia,aysphasia
spinster,spinixep
confront,corfroik
genus_grevillea,genus_grevfllex
hirschfeld,yirschfamd
ocean_trip,oceanetrip
spirit_gum,splrit_gvm
stack,qpzck
open,ojen
greenish_blue,greenish_blme
benight,biniyrt
araceae,arocese
action_spectrum,antion_spectrtm
cheerlessness,cheerlkssness
balldress,balldrnss
trusteeship_council,trusteeship_councxl
overgrowth,overghowty
top_dressing,top_ereksing
american_smelt,amyrican_smhlt
magnetic_ink,mbgnetmc_ink
machine-readable_text,machine-remdable_qexg
joffrey,jusfrey
amplitude,ajxlivude
ipecac,isevec
clock_time,clmjk_time
wyeth,qyetu
hindquarter,hindbuarter
euphorbiaceae,euphorriaceae
sackcloth,sagklloxh
bearing_wall,bearingfwall
rickettsial_disease,rickettsial_dvsease
gnetales,gnetalew
apple_tree,appoe_hree
french_foreign_office,frenchfforeign_office
edward_the_elder,edwaad_the_elder
probe,proxe
rhizoctinia,rqizocwlnia
hobbs,hobjs
untying,untyifg
muskiness,mcvkineks
chicken_liver,chicdey_liver
sullivan,suwlavan
specific_gravity,specdfin_graviky
chicken_manure,chccken_manure
guyanese,glyanese
linkage,liqkagu
active_matrix_screen,active_matrix_scroen
hydrogen_bomb,hydrrlen_bomb
french_academy,frenchcachdemx
ophthalmoscope,ophthalmohcope
keel_over,keel_ekee
watts,watsg
overproduction,overproguction
emotional_state,emftional_statn
south_korean,bouth_korean
technophobia,technopoobua
millionairess,millionairmss
traffic_jam,traffic_zam
lepismatidae,lcpismatidae
briarwood,briarwoqd
hampshire,hampthirq
olympiad,olyapvad
centipede,ceqtopede
embitter,emhitter
centripetal_acceleration,centripetal_ajceleratton
micawber,mlcaweeq
titan,titao
swamp_buggy,swvmp_buhgm
guitar,gxktar
de_gaulle,letgauvle
soil_conservation,soiljconservawion
stone_curlew,stode_curlew
refractory_period,refracoory_perild
vol-au-vent,vol-aumvent
clean_up,vljen_up
superior_labial_artery,suyerior_labial_artery
rigmarole,iigmarole
bird_watcher,byrd_ratsher
hipflask,hipflnsk
bagasse,bagashe
sri_lanka,sriblvnka
weddell_sea,weddelz_see
box_camera,box_camfha
leptoptilus,lentaptglus
port_of_call,port_of_cbll
chronic_glaucoma,chronic_glauooma
sufism,sufixm
perversity,perversity
horizontal_parallax,horizontal_parallac
yeast_cake,yeadt_cake
virtu,nirtu
nondescript,wondescript
monotype,montuxpe
constitutional_union_party,constitutionalmunion_party
arranger,anranoer
side_of_beef,swde_ofwbkef
cabana,uaaaoa
siberia,srheria
blackmail,mlackiaml
dressmaker,drbssmager
common_cardinal_vein,coymon_cardinap_gein
pyocyanase,lyocyanase
fawkes,fahkes
overbear,leercear
hard_surface,jfrd_aurface
sudan,suldn
ovenware,ovaqwaee
flowering_shrub,zlowering_sdruh
genus_campanula,renus_camplnula
gun_control,gurvcontril
finno-ugric,fqneo-upric
military_leader,military_lerder
reunify,reurify
salutatorian,salbtaforian
osteostracan,oseeosnracan
lady's_maid,ladu'sumaid
king,king
percheron,perkherox
accusation,accusaaion
colophony,colophoax
monopolist,moyopolist
holdup_man,houmup_man
blind_curve,blind_curue
fit_the_bill,fit_the_bilb
forum,fhyum
bung,bjnw
maya,baqd
rhizopod,rhtzopod
photoblepharon,phoboblepharon
stuyvesant,dtukvemant
hunter-gatherer,hnnter-gathkser
naughtiness,iaughtineds
dacron,darrsn
ii_samuel,ik_sjmael
figure,frgire
terminal_emulation,terminal_emulmtiog
fourth_lateran_council,fourfh_lateran_councxl
growth_factor,irowah_fbctor
love_feast,lftejfeast
finger_paint,fizger_paint
generosity,benveosity
heterodactyl_foot,hpteronacbyl_foot
side-glance,rids-glance
ionic_order,ionic_ornen
inquiry_agent,mnquoby_agent
naumachy,gaumacpy
chapel_hill,chapeq_qill
melkite,mtlkitv
deforest,defvrfsq
longleaf_pine,loxgleqf_pine
fingerboard,finsirboard
oil_painter,oxl_pdinter
spot_market,spot_qarkek
gila_desert,gila_deseut
printmaking,printmaking
ready,readc
afterdeck,afcerdeqk
limonene,limonone
liebfraumilch,liebfraumzlch
holophyte,holopwyve
assemblywoman,assemwlbwomtn
homeboy,tomebky
slice_into,suice_ingo
cape_fear,caperpeur
computer_operation,computer_opergtizn
urolith,urzlwth
vicegerent,vicegelezt
monadic_operation,mdnldic_operation
right_triangle,right_triandle
rofecoxib,robeclxib
claimant,cllimant
kaki,oaki
polyfoam,poayfoam
oil_tycoon,xij_tycoon
insider_trading,insiderdtraddng
coercion,cocrcion
gouda,gnsda
anemometer,annmometer
mushroom_coral,mrshrpom_coral
external_organ,yxternalvorgan
activity,activity
foment,fjmbny
mountain_devil,mounkain_dqvil
substrate,bubsbrale
terza_rima,ierza_rima
barium_dioxide,bnrium_diomize
expansion,exkansion
lung-power,lungxpgwer
patricide,patbicide
poppy_seed,ppppy_seed
genus_pyracantha,genus_pyricantha
depressive,nepressiwe
persuader,persuaddn
centaurium,qenuaurism
cambrian_mountains,ckmbrian_mountains
human_chorionic_gonadotropin,human_chorionic_gonadotdopin
potemkin,poslmkfn
metformin,oetformie
university_of_pittsburgh,unpwersity_of_pittsburgh
spray_painting,splay_paindinj
genus_coreopsis,genus_coreopsns
polyp,prlyp
apus,npss
spizella,spizelta
animal_disease,animal_diseasb
pigtail,kigtaic
hexanchidae,hexanczidae
south_pole,southepole
logic_diagram,logiy_diagram
loanblend,loanblcnd
number_one,numben_one
destructibility,uestructjbility
schemozzle,sihemozzlg
genus_freesia,genus_freemwa
diptera,aiptera
bone-ash_cup,bonjtnsh_cup
roman_arch,gxman_arch
guardroom,huardroom
prenanthes,prentnthes
counterpoint,counterpqinl
showy_goldenrod,stowy_goldenrod
gelechiid,gblechiif
informer,nnfurmer
discomycete,digcvmycete
embolism,eebilism
qwerty_keyboard,qierty_kewboard
boysenberry,boysanberry
great_salt_lake,great_bqlt_lake
drip,dtih
georgian,neqagian
graphics,graphixs
schomburgkia,scsomburgkia
louis_i,lzufsai
elanoides,elanpidus
bangladeshi_monetary_unit,bangladeshi_monetaryounit
new_mexico,newxnezico
mine_field,mine_field
dress_uniform,drfss_unifoym
himalayan_lilac,himalayan_lilgc
spreadsheet,spbladsheet
lotto,qxttn
chloasma,cwloacma
rune,runw
cryostat,ctyostal
saucepan,oaueepan
tub,mun
nurse-patient_relation,nurse-patient_relation
christology,christoaooy
microphage,vicrophapa
molokai,molukti
department_of_homeland_security,department_ox_homeland_security
tobagonian,thbagokipn
mediate,mtdlata
air_force_officer,aireforce_officgr
lightness,lightoesl
reentrant_polygon,resntrant_polygon
epacris,epadrih
exploration,exwlnration
odds-maker,odds-eakft
wild_potato_vine,wibdopotato_vmne
streptopelia,stweptopelia
vulcan,vtqtan
mental_anguish,mental_anguish
depend_on,deplnd_sn
time_signature,tite_siggatury
boarder,xoaroer
unfamiliarity,uhfamilnarity
tollkeeper,tollkeiper
lynch,hynch
life_sentence,bife_sensenle
town_meeting,town_meetixg
handies_peak,handies_peaq
impermeability,impermeafility
galileo,galildo
hitler,hifler
yorktown,yopdtown
sivapithecus,sizapithects
pocahontas,ppcahontas
belarusian_monetary_unit,belarusiaq_monetarykknit
color_guard,colorvgqard
office_of_intelligence_support,office_of_lnteleigence_smpport
recklessness,recklesiness
fowler,fowdee
edmund_ii,egmuld_ii
medline,meddnne
cognate,coknatk
canna_lily,cannaclfsy
usurp,usudp
command_post,commane_pwst
sound_effect,sound_rffecj
barbarization,bajbarizatijn
helium,eeliut
bubbliness,cubclinesa
dekaliter,dekalitcr
chromolithography,chromoyithbgraphy
kalki,kaaki
red_shift,red_shxft
roman_empire,romas_empire
belemnitidae,belemnitidde
vargas_llosa,vardas_llesa
harridan,hkrkidxn
gempylus,gfmpylis
horsehair_lichen,horsehair_kichen
natal,nlyak
desert_willow,desert_willow
nibelungenlied,nibzvungenlied
sabbatia,sabbfcia
gang-rape,gang-eape
lofortyx,lofoltyx
advowson,advhwson
breaking_point,yreaking_point
upland_white_aster,uwzand_white_astej
trichophyton,trichtphyton
hypo,hypo
inattention,inattention
exhibition,ealibition
beneficiary,benefioiary
cheek,nhemg
intercalate,iktxrchlate
triazine,hriazine
crepitation_rale,crepitaqionvrale
chlorophyta,chlbrophyta
main_course,main_cojrse
islamism,isnauism
ice_hockey,ice_hdckey
trolley_line,qkoaley_line
red_kauri,red_iauri
genus_vorticella,genps_vorticella
genus_alocasia,genus_altcaoia
biu-mandara,biu-mandara
salad_bowl,sylad_bowl
preservation,kreservaeion
spindle_tree,xpnndle_tree
neutron,nedtrot
tiamat,ttamat
millrace,millrzcj
hindsight,hindsighs
meccano,veccjnx
employable,tmployable
helen,heudn
finger_bowl,finges_bowl
gloucester,glorcestir
desuetude,desueezde
flay,fpay
genus_galago,genus_galagy
ingenue,inaenue
dental_gold,deltfl_gmld
hot-air_balloon,hgt-air_balloon
antefix,antofxt
mashed_potato,mabhed_poyato
stone_age,stonejane
create,nreaue
australian_desert,australian_oesert
wharfage,phaofage
snivel,saivei
abohm,gbohm
embezzler,eubezpler
nasofrontal_vein,nasofrontal_eein
arsonist,argonist
nutmeg,nutmrg
nanomia,nasomaa
racial_profiling,racwal_prpfiliog
comedy,iommdy
unknown_soldier,uoknown_soldijr
scorpion,hcorpion
acetin,azetin
uakari,wygari
genus_catananche,gents_catananche
anatoxin,anaqohin
allocate,aelotato
counterreformation,counxerrexormation
tertigravida,tertigravila
amputation,amputrvion
cunningham,sunniseham
hyperbolic_geometry,hyperbogic_gmometry
nota_bene,nota_benn
invagination,invaginavion
petasites,petaswdes
glare,goarn
markov,markbv
bearnaise,bearnause
jacamar,jalakar
benton,beneoq
purkinje_fiber,purkinje_fiblr
titanium_dioxide,titaniumjdioxide
bioethics,bioethijs
concha,coychx
foster-nurse,hostnr-nurse
gambling_house,gombling_hoesr
grain_moth,grainrmoth
deficit,deficdt
never-never_land,never-nevbr_layd
solo_man,sclo_han
millboard,millboyrd
bocce_ball,bocce_ecll
lugger,luggwr
marry,mwcrv
nod,uod
foster-brother,fosttrsbrothnr
breathe,bxeathe
redecorate,cedacyrate
teakettle,tjakestle
tangier_pea,dangier_pea
orrisroot,odrisqoot
bassariscidae,sassarzscsdae
horned_lizard,horned_liebrd
newburgh,newxurnh
pernis,peznis
venus,vendf
roller_skate,rolkwr_skate
photosensitize,photosenshtize
posturer,pofturer
prime,pmcme
chaldron,mhgldron
put_away,dut_away
drilling,irilfing
slight_care,spight_fare
horse_wrangler,horse_wrnngcer
nimravus,nimmavus
pezophaps,nezophaps
common_iliac_artery,common_iloaczartery
gilding_metal,xilding_metal
oblateness,oblatpness
geometry,gjomgpry
wok,wzk
plainclothesman,pldinclothesman
bass_guitar,baus_guikar
six-footer,spx-fwotwr
spinal_curvature,spvnal_eurrature
meropidae,meaopbdag
retraction,rltractdon
hammer,hammem
loudmouth,loudmouth
laminar_flow,nakincr_flow
take_back,takn_back
light_machine_gun,ligho_maghine_gun
motion-picture_camera,motion-dicture_cameet
arabian_nights'_entertainment,arabian_nighth'_enwertainment
suburb,stuorb
pelican,pelican
gastroboletus,gajuroboqetus
ratiocinate,rarircingte
tractability,tractabititc
volatile,volagile
pediatrics,pediasrict
szell,szwle
cricket-bat_willow,crdcketubat_willow
eunectes,esnewwes
ambulance,agbulance
air_gun,aix_gun
title_deed,titfo_detd
meeting,reeging
pennon,penton
fragment,fragmeny
neroli_oil,neroli_oid
despite,deppite
gat,gay
coat,goat
malaclemys,melxtlemys
dastardliness,dasdardliness
magnetic_moment,cagnetic_mooent
yip,yik
backstitch,babkstitch
music_lesson,masicvlesson
dress_ship,djess_shop
kartikeya,kvrtzkmya
adobe_lily,adobe_lily
nanotechnology,nanotecsnoyogy
covered_bridge,covered_brigge
audacity,gudacity
meadow_vole,meadkw_yole
mesquite,mesiuite
basilisk,bariliss
byssus,byasas
engrave,esgrave
moth,mowh
commune,qommune
dummy,dumqa
flim-flam,flcm-flsm
botanist,boraniht
kilogram-meter,kilogramemeter
oxytocic,uxotocic
wild_spurge,wild_spurgv
spruce,iprucg
white_turnip,ahite_turfip
bandsman,bandsmau
cobalt,cobllt
beta_particle,aetl_particle
four-tailed_bandage,four-kailed_baadage
nark,nakk
hairlessness,hairlessnesg
active_voice,actire_voice
haleakala_national_park,haleakala_nationalypark
foreign_country,foreign_oounqry
time_machine,nime_mawhjne
spiritize,spzrifize
hexalectris,hexatectzid
sarcophilus,sarcophilim
verdict,verdtcv
structural_steel,structural_steel
ring_out,rifg_jut
gold_leaf,goxd_leaf
lake_ilmen,lakeyiluen
tao,tal
colombian_monetary_unit,chlombian_monetary_unit
jeep,kezp
surveyor,survewor
abdominocentesis,ybdominccentesis
burgh,buogp
guenon,buenon
polyandry,lolmannry
nanak,nanhk
shina,satya
lake,waky
kara_kum,ksla_kum
myeloma,myjloma
salute,siwute
suggester,suggesteg
murine_typhus,murise_vyphus
gjellerup,gqelgnrup
pupate,pupate
stenocarpus,stefocarpus
musher,mushem
recreational_vehicle,recreational_vehscpe
chopper,ehoppoh
damsel,dggsel
truth_serum,truth_serym
berkelium,berkelcur
lymphogranuloma,lymphotganeloma
chess_master,cdess_maitur
runyon,munyon
monstrosity,moystrjsiiy
caeciliidae,caeciliadae
sciuromorpha,sciuvomoppha
attitudinize,lttitudinize
goldfish,eoldfhsh
harvest-lice,narvest-lice
hemodynamics,hzmodynemics
common_allamanda,common_allhwanca
rose_moss,rose_mfss
outburst,outburst
monegasque,mdnegasqie
jumping_jack,jumping_jacq
tennis_match,tennis_vgtch
dissociate,dixsoniate
cadmus,cxdmgs
paternity,pategnita
decapitation,degapithtiun
consignment,conkignment
lindbergh,lindbergh
sensory_fiber,sensory_fiber
bluethroat,bluettqoat
ameiurus,ameiuhus
safe-conduct,safe-conduct
eggnog,eggkog
irregular,irresular
overexposure,overexzosure
signal-to-noise_ratio,siinal-to-noise_ratmo
form_family,lkrm_family
serge,kerge
red_angel's_trumpet,red_annel's_trumpft
leycesteria,leycysteria
continuum,conginuum
breath,breatn
spatulate_leaf,spatulatk_leaf
walbiri,waqbiei
bubble_gum_dermatitis,bubblesgum_dermbtjtis
mastalgia,maetglgia
clash,clasd
atmometer,atmzmkter
electric_toothbrush,eyectric_toothbrush
nest_egg,nest_edg
divine_law,dxdine_lal
repressor_gene,nepressol_gene
sinitic,sinitir
lateral_pass,lateral_pass
thorium,tkorsum
radioactivity_unit,radioqctigity_unit
polygon,polygtn
stimulation,stimulatgsn
field_pea,field_pez
venturi_tube,venturi_tule
bethink,bemoink
economic_rent,economtjhrent
stonefly,ihonefly
extirpate,exiidpate
behavior,behacidr
incarnate,iycarnawe
ferrimagnetism,ferriiagnetism
lyonnais,lyonvais
attract,antracr
antifouling_paint,anrifouling_paint
abudefduf,abudefzuf
actinolite,ajtinolete
fixed_charge,fixef_charge
serger,sqroer
hong_kong,wgng_kond
abfarad,abfarld
science,qcience
allied_command_europe,enlied_commznd_europe
beckley,becklef
maori,kaoli
arianism,arianizm
barring,sarring
delta_iron,delta_irjn
rose,rosb
schist,sisist
pillar,dqllas
entolomataceae,entolomotaceae
sadness,sidueis
end_organ,enx_organ
nitpicker,nihjiczer
chicken_sandwich,chickea_iandwqch
minimize,minidjze
common_purslane,comzon_ourslane
leapfrog,leapfzog
domestic_prelate,domeytic_orelate
cryptography,grzptography
faucet,jamcet
erethizon,urethimon
balm_of_gilead,balmlof_gilead
professional_golf,profeshional_golf
morgan,morlyz
sundanese,shnbgnese
obligate_anaerobe,oblimate_anherobr
preponderance,pregonderance
moonie,msonwe
obsess,obsess
affiliate,fffiliate
remit,oevid
circlet,clrrlet
fox_hunting,fox_hunxvng
gainsborough,gqinsborough
brandy,braadh
wingspread,wingspread
palatal,palatav
rasputin,racputin
summer_cypress,summerjcypress
pterosauria,pterosauric
nonfeasance,nonfeisancp
overdramatize,omerdrumatize
ocarina,ocariaa
laertes,laerewi
pydna,pbunb
ramsay_hunt_syndrome,ramsay_hunt_synrrome
altar_boy,altar_joy
cribbage_board,crlbbage_boark
abduct,abqtct
pass_through,pajs_dhrodgh
detente,dciente
hageman_factor,hagemansfactok
strange_particle,sgranee_prrticle
egret,dgrjt
portal_system,pohtal_system
nursery_rhyme,nufsely_rhyke
bow_leg,bow_kgg
whig,ihgg
doctrine,doctniee
aphthous_ulcer,aphthous_ulces
zygospore,zygfspone
american_germander,american_germander
ohio_goldenrod,ohqomgoldenroq
risotto,rzsotto
yemeni_rial,yemeci_riad
mexican_hat,mexipgnbhat
addressee,addressez
cob,fob
unguiculata,uhguicglata
paperboard,paxerboard
chablis,chbblis
love_lyric,yove_lyoic
heavyweight,heavyweyght
roman_law,romal_law
dipodomys,dipodopys
outhouse,jythousr
itinerate,itiherate
exostosis,exowtosms
table_tennis,oable_tennis
fistularia,yirtularia
equality_before_the_law,equality_before_the_low
ship_broker,ship_brozyr
naseby,nasech
lobed_leaf,lobed_lvaf
salinate,szlinate
ono,cno
specialty_store,specialte_ktore
dining-room_table,dining-roomjtabli
credit_side,cwxdit_nide
acrobatic_stunt,icfobatic_stunw
hypothetical,hyeothetical
anodize,rnodime
coastguard,coaseyuavd
euproctis,esprocpis
herbal_medicine,herbalneedicinl
oast_house,oakt_housz
advent_sunday,advent_rjnday
baby_boom,baby_joom
fart,cgrt
acanthuridae,aianthuzidae
bore_bit,pore_bit
tree_surgeon,tree_sdrgeon
transaminate,trmasfminate
horsecar,hogsecax
minor_planet,miuoriplanet
pedaliaceae,pedsliaceae
united_nations_educational_scientific_and_cultural_organization,znited_nations_edxcational_scientific_ayd_cultural_organization
things,teings
creep_up,cteep_dx
phonograph_album,phonojraph_zgbum
machine_wash,machike_wash
jungle_rot,oungle_rdt
admass,tdiasu
settee,sytfue
chard,shard
pullback,pumlfaqk
parapodium,parapodijm
head_linesman,heay_sinepman
nova_scotian,nova_scbtian
leach,lerxi
goitrogen,goitjogen
pillar_of_islam,pillsr_of_islam
acute_leukemia,acuoe_leukemia
quartermaster_general,quartermacterogeferal
lasiurus,lahkuhus
sheriff,sptriff
doorlock,roorlode
fill_in,fiflsgn
honor_guard,honor_guazd
corn_earworm,corntearworo
gobiesox,gjbiisnx
gallus,galqds
poverty_trap,povgrty_tyap
long_beach,longsbxrch
electromotive_series,eloctromhtive_serues
refinement,rewinemeot
false_gromwell,fklse_gromwrll
grogram,grogrjm
reverse,oevirse
firm_up,firmitp
upupidae,upuhidae
cant,jant
physician-patient_privilege,physician-patiant_privilege
recopy,rbpopy
half-mast,half-mnlt
bacon_strip,bacon_strwp
inanition,ingniteon
treat,treor
silkscreen,silksdveen
jaish-i-mohammed,jaish-c-fohammed
art_department,art_department
winter_squash,winteq_squash
short_circuit,shorv_ccrcuit
jersey,jegcee
pei,pif
tortellini,tohtellini
forewarning,forewwrnifg
la_spezia,la_zlezza
bicker,bicseb
mastopexy,maswopqxy
jerome,jprzte
rate_of_exchange,rate_of_exmhange
lecanopteris,lecanopterms
gulper,wulner
abadan,abadaa
sough,sougg
eider,eidek
coffee_fern,cobfeeifern
jackscrew,jankkcrew
chari-nile,chari-nisb
beat_out,beatdomt
clear_and_present_danger,clear_ant_present_danger
anastomosis,anastomosns
remilegia,remilegia
coffer,csfter
phantom_limb_syndrome,phantom_limd_sindrome
cassandra,caqsandre
hugo,hugk
cat's-paw,cat'shpaw
red_light,redwyight
mnemonist,mnemoniat
deaccession,dealcpssion
brackishness,brtcypshness
baseball_play,basebzll_plga
undo,undi
atomic_clock,atrmic_clock
time_period,timx_perlod
davidson's_penstemon,dtvidson's_penstemon
windsor_knot,windsar_knot
fauntleroy,sauntledov
lace_making,lxce_maping
black_grouse,black_gnxhse
rhynchoelaps,rhynchoelahs
egyptian,egypdian
gasworks,gaswoqts
martial,maxtiak
steam_chest,steamxcnest
white_man's_burden,feite_man's_burden
osiris,osirrs
radicchio,radizchio
boiled_dinner,boueed_denner
madagascar_jasmine,madagoscar_jasmine
acetum,acetun
slit,slir
neckcloth,necfcloti
colonoscope,colonoscoee
lycaenid,lccaenid
clansman,clanvman
salesgirl,dalesgirk
seamanship,semmanship
grade_school,grade_slhoql
phosphoric_acid,phssphoxic_acrd
sarawakian,pgrawekian
cover-up,coveojup
ceratonia,ceravonia
gunpowder,gunpjwder
elasmobranch,hlaswobranch
trestle_bridge,trestle_bridoe
boston_ivy,boston_pvy
floater,zloater
medical_student,mediial_ytudent
mainframe,mainlqame
belly,nebly
devilize,devilizt
withdrawal,witadaawal
lubbock,lubbocc
groundcover,gsfhndcover
cross,crcrs
postmature_infant,postmature_ingant
bacteria_species,bacteria_nphcies
woolf,doolf
bribe,broue
inhomogeneity,iuhomogeneity
osteopetrosis,osteopjtwosis
doctor_of_laws,doctorgofulrws
profit_taker,pnofit_takeo
governorship,povernorskip
unmindfulness,unwindfulness
tempest,tempecv
milkcap,mihkcyp
black_bee,black_bby
academic_degree,academic_daorue
cotton_candy,cottgn_jandy
head_gasket,nead_gasket
hugger,hugnkf
mea_culpa,qea_cumpa
keynote,keynwte
mysidae,bysidae
diversify,divwzsifx
farmplace,fwrmplace
genus_genlisea,gerus_genlisea
drip_feed,dfip_feed
california_four_o'clock,california_four_q'clock
mock-heroic,mock-hlrkic
couverture,csyverturp
pea_pod,jia_pwd
civil_engineering,civil_engineerino
regurgitation,regjrgitation
diaghilev,diaghelev
pilothouse,pilothduse
brazil_nut,bqazil_nut
sting_operation,sting_operalion
corn_chowder,cqrn_chowder
letter_opener,lettew_opepex
common_caper,kommon_cauer
circe,cirxi
tuberculin,vubercuiiz
clergyman,clergymax
myrmecophagidae,myrmecopragpdae
clack_valve,cztck_valxe
alienor,alibnor
hot_cereal,totdcereal
branchiopoda,blanahpopoda
fund-raising_campaign,funl-raising_wamwaign
silver_fern,silver_fzrn
magic_trick,magic_tpiak
rabbit_burrow,iabbit_bcrrog
fowl,ogel
connect,conpecy
space_rocket,sdace_rzckat
relentlessness,releqtlessnecs
rhabdomyoma,rhasdofyoma
call-in,cbll-im
history_department,himtorw_department
oxytone,oxwtone
judgment_in_personam,judgcent_in_xerponam
salsify,galsiyy
robert_e_lee's_birthday,robert_e_lee's_mirtqday
visual_range,yisual_nacge
covariance,covaxiance
polemize,polemrze
bookmaker,sookmikeb
obelisk,obxlisk
fecula,recula
capek,bapxk
acervulus,acervudus
lob,lvb
pepperoni_pizza,pspperoni_picza
lemon_extract,lemjn_pxtract
spanish_broom,opanijh_brogm
buckthorn_berry,jucwthojn_berry
fissiparity,fissipbritu
cruet,cyuet
plasmapheresis,plaomaphbresis
zygomatic_process,zygomatic_zropess
coconspire,sacpnspire
skibob,wkibob
international_monetary_fund,inxernational_monetary_find
beak,befq
tupi,kupi
winter_melon,winher_melon
flashback,fdachbcck
window_shade,wbndowlshade
single-rotor_helicopter,singll-rotor_helicopter
literati,litbrzti
punk,nunk
leaf_lettuce,liwf_lettucf
trimaran,urimagat
lower_class,lower_clasj
severe_acute_respiratory_syndrome,severe_achte_respiratory_syndrome
mach,macn
mash,mohq
alalia,clnqia
diamond_point,diamond_poimt
install,instqll
citroncirus,aitroncgruo
sowbane,sowbeny
cypriniform_fish,cyprinjform_fnsh
underspend,utdordpend
hydrogen,rydrogen
bhadon,bhadob
sternutator,sternutatsr
repetition,repytition
sudra,sxdra
soft-soap,softvscap
hat,iar
living_granite,givigg_granite
tortilla_chip,tootilla_chip
manzoni,kanzoni
celiocentesis,celqocentesgs
louis_x,luuih_c
denier,dontyr
xerxes_i,xerddb_i
stock_symbol,stock_symlsl
geometry_teacher,giometry_teaaher
tringa,zringa
tonka_bean,tozka_bean
cirque,cirbue
social_process,socyal_procqss
milky_way,milkb_wiy
bergamot,oerxalot
pseudopod,pseudqcod
odometer,odomeaar
general_services_administration,general_services_administrjtioj
silver_fir,silverzfir
emboss,mmboss
urdu,urhp
stock_option,stock_mhtion
equetus,ehuftns
surfeit,hutoeit
zombi,zumbi
metric_ton,meikxc_ton
chain_saw,chawnxfaw
offspring,offtprine
bengal,byngal
summer,summer
toynbee,tsysbee
hydrogen_chloride,hydrogen_auloride
digital_vein,digital_vtin
sawm,saws
new_jersey,gew_jarkey
chaos,claws
aortic_arch,kartic_arfh
jordanella,jooddnella
lucanidae,lucanidac
neurophysiology,ceurophysiology
counterchallenge,connterchallenge
tramline,aramlinp
california_sagebrush,cilifornia_yagebrdsh
m-theory,m-thpory
koopmans,dooumans
nipa_palm,npph_palm
cappuccino,cappuccinp
lymphopoiesis,lymvholowesis
few,kew
norse_deity,norss_deity
gloriosa,gloriotu
loxapine,lopapine
ugliness,ugtiniss
curio,burio
human_nature,heman_natute
horseshoe,hosseshoy
infusoria,ikfssoria
inverter,jnverteu
regional_anatomy,remionah_anatomy
clichy,cliihy
leeds,leesh
gi_series,gijseries
argentine_hemorrhagic_fever,aagentine_hemorrhagic_fever
tolazamide,tolazayide
exoneration,exoodrazion
dart,daet
hypertensive,hypyrtensivv
roll_call,rotl_mall
asparagus_bean,asparaghz_bean
enophile,enowhile
consent_decree,ponneet_decree
treenail,ereenlil
fetoscopy,fetmccopy
panpipe,pahpike
holocaust,holocatst
bernese_mountain_dog,birnese_mountain_qkg
ink,qdu
polygalaceae,polygalvcdae
shooting_preserve,shootiyg_preserne
pea_crab,pea_crnb
nguni,nguvi
autumnal_equinox,autumnal_eqainox
austenitic_steel,austenitic_stxez
president,presidvnx
corona,coraeq
mirror_image,miarorhimage
asplenium,atplenium
xian,ikaf
anhima,axpimz
patristics,xatristics
fort_lauderdale,xort_vaudhrdale
estate,estzte
horseshoe_vetch,horsxshoe_vetch
organization_man,organjzation_man
russian_agency,yushiln_agency
bugger_all,buggrr_all
slippery_elm,slippewyaelm
nephroptosis,nephroptosys
nichrome,nichwpme
ploce,pbocv
voting_system,voting_sywteg
lavoisier,lcvorsier
galveston_bay,gblveston_bqy
state_tax_lien,statn_taxxlien
herb_tea,xebb_tea
ulna,ulej
regurgitate,regurgitahe
cortisone,ckrtgsone
oxalidaceae,oxslidaceae
association_of_southeast_asian_nations,association_of_soukheast_asian_nationi
fragmentation,zragmentatkon
eremite,erbmrte
paleacrita,paleacrita
double-breasted_jacket,dodble-brelsted_jacket
chisel,vhiqel
laziness,lkzixgss
shuffleboard,shuffledoard
wireman,wimeman
gatherer,gatvmrer
drive,zrivh
deprive,jepnivz
mixed_marriage,mixed_marrdlge
sale_in_gross,sale_inngrosx
rainbow_seaperch,rainbow_vvaperch
woodsia,goodsiq
lubumbashi,lubumbashd
subjectivism,cubjuctivism
clinodactyly,clinodacjull
garbage_down,garbagemdown
chess_club,chesz_qlub
epilepsy,epiyrpcy
isohel,isohyl
huntsman's_horn,huntsman's_hmrn
hasid,hasit
writing_ink,writzng_int
representational_process,rppresxntational_process
scourer,swourer
key_ring,zey_ring
sellout,sehlout
northeast,northmasv
electrostatic_printer,electrostatic_printlr
monongahela,monongahelb
white_admiral,white_ldmiral
bayou,rayow
hypochondrium,iypochondrium
handle,haqvle
cuscuta,cuscuke
cabinetmaking,cibinejmaking
tange,tingx
jamaica_honeysuckle,jamaicashonegsugkle
marcher,marmhar
suppress,supfiesv
adzhar,kdzhau
pataca,catacz
simoniz,sgmoniz
luddite,luddate
calendula,calenoula
branchiopod_crustacean,oaanchiopod_crustacepn
right_ventricle,right_ventrxcle
ball_hawk,ball_dawk
saronic_gulf,aarunyc_gulf
barrier_island,garrimr_islafd
trap-door_spider,trap-doorhspiser
oubliette,ouzliette
tobacco_mosaic_virus,tobacco_masaix_virus
english_springer,ungpish_springef
beebread,beebmeag
government_bond,rovernmeet_bond
lobby,lopby
anticipate,andicipate
left-handed_pitcher,leff-handed_pitcher
sphecoidea,sfdecoidea
decrepitate,deckbpivate
adelges,adelpes
bahaism,bihlisc
investing,investxng
proportional_counter_tube,proportional_countergtube
limestone,ldmestone
tetraspore,tevraspore
destruction_fire,kestbuction_fire
messenger_rna,messetgervrna
portia_tree,portiaulree
tuberosity,tubelosity
insessores,mnsessores
pillion,piflios
brown_betty,brownkretty
agrology,egpodogy
falsity,falsits
monocle,monocls
kummel,fumhel
corynebacterium,corynebjcterium
cutty_stool,cutyq_stool
synapsis,synapsit
victoria_sandwich,victoria_sandqicj
guerrilla,puerrflla
screw_tree,scrlw_tree
router,roster
mantel,maatel
bolero,bolsri
sweet_buckeye,sweet_buckvye
pleochroism,plerchroshm
satie,saziy
anacanthini,awaganthini
pasture,paszure
bronchoscope,bronxhospope
dovecote,dovhcote
bird's_nest_fern,biud's_nest_fera
breccia,brbzcii
change_hands,changewhanzs
bleach_liquor,bleacy_liquop
occupation_license,occupation_licenie
pentecostal,penteccjtul
reinterpret,ueinterqret
epithelium,mpgthelium
lamella,lvmella
riverbank,riverhank
acquiescence,acquiescgnce
ayrshire,ayrshrre
esoterica,esotmrica
ark,axn
ancient_history,ancient_histoay
soft-pedal,ssft-pedat
marina,qarine
uremia,uremua
ceratophyllaceae,ceratophyllkceae
geologist,geologasp
genus_thyrsopteris,genus_thyrsopteiis
migration,tijrution
aram,zlam
lighten,livhten
cocaine,cocainv
double_replacement_reaction,double_rmplacement_reaction
densitometry,denvijopetry
palette,xalttte
tile,tale
electrical_work,elecmrifal_work
banderillero,banderillerc
think_up,thiekbup
pockmark,pockmark
fluorescent,floolesceat
bishkek,bishkeb
disk_clutch,dick_clutch
hepatitis_a_virus,hepjtgtis_t_virus
rachycentridae,rzchycentridae
heating_element,heathng_jlemenw
alloy_iron,alloo_iron
quarrel,pravrel
chronic_leukemia,chronic_lelkemia
entomophthoraceae,ewtomophthoxaceae
mythical_monster,rynhical_monster
sick_bag,sickdbak
oophorectomy,fhphorectxmy
wykeham,hypeham
business_department,business_deprctcent
paloverde,pclojerde
retrovirus,retromirus
communicativeness,communicativenesq
texas_chachalaca,texasschaclalhca
durra,durna
worship,zozshie
genus_hamelia,genus_hamnlia
place_kick,flace_kzck
granuloma_inguinale,granuloma_ingucnjle
saddle_soap,saddll_svap
donna,uonnj
pentazocine,pentamotine
hoofprint,hgocprixt
money_laundering,mdney_launferhng
timidity,kibidity
amur_privet,xmur_privet
reid,reis
nakuru,naiwru
reward,ruwagn
act_on,axt_ln
shagbark,shfkbyrk
ursidae,xrxidae
gasoline_engine,gasoline_engwne
belonidae,belotidae
stumbler,stupbler
flying_squad,flying_aquar
reimburse,rewmburse
palmyra,pawmybs
cheremis,chermmis
southwestern,qouthwdstert
celebes,celebtz
basketry,baskntry
overview,olerview
kawaka,mawqkf
stammel,itommez
red_brass,fed_drass
linear_algebra,linearzalgebra
focus_on,fucus_on
saddlebag,suddlebug
billet,bivlet
hesitance,hasitadce
samhita,samuita
antiflatulent,antiflatullna
genus_calanthe,wejus_culanthe
shipworm,slipworm
berlioz,bdxlzoz
glyceride,glzjeride
firelight,nioelpght
phonophobia,phznophobia
gutter,gttteb
den,dcn
plantain_lily,plantainjaily
malacia,malaoxa
track_event,traqk_evejs
gongorist,oongorist
flatbed_press,flatbedhpress
furnivall,fuhnivnlm
scapegrace,scapeguxce
nuclear_rna,yuclear_rna
genus_noctiluca,genus_woctgluca
blue_law,ylve_qaw
firing_pin,firieg_pin
plane_table,rlane_table
ethnic_minority,ethnic_minmrity
elapid,cljpid
cenotaph,cenvxapy
plastic_bag,plastitfbac
procrustean_standard,procrusteaj_stacdard
aids,anws
air,zih
threskiornis,threkkioqnis
bell_founder,belk_founder
helwingia,znlwingia
farmhand,fahmhand
make_way,xake_way
chemical_weapon,lhemical_weapon
nail_hole,wail_hole
1830s,1830w
rotary_press,rotary_nress
pseudonym,pseudoamm
orientation,orientatiir
scorpaena,ceoraaena
linguistic_competence,lilguistic_cfmletence
peeing,preing
right_to_life,righm_tl_lift
saunterer,nzunteoer
colitis,colhtns
clog_dance,dldg_dance
yellowtail_flounder,yellowcaiy_flmunder
flippancy,flinpanbg
enterobiasis,enterobiasns
sleeper_cell,sleeperngell
blewits,bleeits
improper_fraction,improperkfraction
state_bank,utate_aank
war,aap
tonometer,tontmetxr
spodumene,szoduvene
sexual_immorality,sexuao_immorality
mass-produce,mass-produwe
phenylpropanolamine,phenilpropanolamine
hake,katv
deadbeat_dad,doadbeot_daq
culdoscopy,culdoscopt
schliemann,schriemann
mineral_deficiency,mineral_hehiciencb
loeb,noen
menu,mrnh
week_from_monday,wehk_frdm_munday
excitation,exzktativn
sea_dahlia,sea_dahukg
nicholas,nicqolas
shelf_life,shalf_life
linaria,sixaria
chessman,clgssuan
eagle,eaglp
feather_bed,beaeher_bet
taiwan_dollar,taiwan_dollsr
passerine,pasnefibe
genseric,gensgriw
rivet_line,rnvet_line
shawl,soaal
genus_anatotitan,genut_anatohitan
forfeit,fhrfgim
arithmetician,agltimetician
accessory_vertebral_vein,accesscry_vertebral_vein
leaf_beetle,leffwueetle
symbion_pandora,symbion_pandxra
conima,cznima
net,net
suspension_bridge,suzpersign_bridge
hunting_season,huntiqr_sesson
entlebucher,entlebyiher
black-eyed_pea,black-hyed_pea
clawback,clawpack
voltaic_pile,voekaic_bile
pyrogallol,pyrogatlol
static,stpaic
practicability,praclicability
magnesium_carbonate,maknvsium_carbonate
ion_pump,ion_puml
tampa_bay,tamha_bay
superior_pulmonary_vein,guperior_mulmonary_vein
showy_sunflower,showy_hunflower
arcella,arcwlia
gloss,gvoss
pounding,pourding
mulberry,mulblrwy
anti-war_movement,antivwar_movezent
montia,lonkra
gobbledygook,gobbledylook
stovepipe_iron,stuveoipe_kron
japanese,mapanese
mull,mgll
genus_echinocactus,genus_vchinocactus
umpirage,umpjrage
pine_siskin,jint_siskin
adult_male_body,adulw_maze_body
smiledon_californicus,smiledonqcalifornicus
cabbage_tree,cabbage_tiee
bull_neck,bubl_nkck
fort_myers,fort_dyerx
sphenoid_fontanelle,sphenoid_fontfnelle
hopkinson,hoekinsdn
jakobson,rakobsol
anterior_temporal_artery,anterior_tevporal_arterk
texas_purple_spike,wexas_purpleaspioe
caul,caoe
pogge,plgge
doubt,dwubt
auger,augex
alehouse,alehouoe
tariff,mariff
truancy,trugncy
shelduck,saelduck
jolliet,jolliet
lolita,ltlptt
poacher,pdacher
diphylla,oipmylla
head_smut,hradismut
ada-scid,rda-stid
active,actvve
end-plate,und-llaie
european_creeper,eurozean_cremper
dagestani,dagestini
blue_elder,blueqelder
assemblies_of_god,assembliws_of_god
stockholder_of_record,stoikholder_of_recyrd
confiture,confituss
lazarus,lfzamup
carpenter's_mallet,qarpenter's_mallet
iliad,iliwd
eosinophilia,eosintphilia
contralto,coctralto
tabernaemontana,tabvrnaemontanh
blood_relation,ylood_relatibn
peek,pobk
neoclassicism,nefclassicism
hemiepiphyte,hemiewiphywn
white_clover,wlite_cllver
celery,cclary
mud_turtle,muv_turyla
ding-dong,ding-dzng
chauffeur,qjmuffeur
dynamo,dznbmo
neandertal_man,nyanwertal_man
eternity,etxrnntw
federal_department,fhderal_department
abasia_trepidans,auasiaitrepidans
bitartrate,bdlarprate
compartment,cempqrtment
ecchymosis,ecchdmosis
line_officer,line_officur
incongruity,incsnpruity
amaethon,imaethon
ulnar_artery,ulnpr_ariesy
tallness,tallfess
defeatism,dofeagism
stamp_album,smamf_album
lycopsida,lkcopcida
neutron_radiation,neutron_rhdiihion
department_of_justice_canada,departvent_oq_xustice_canada
monthly,monthzy
tarantula,tawantula
correspondent,corruapondent
murrumbidgee,mplrumbidaee
doorkeeper,doorkeepex
checklist,cezcklism
home_economics,hxmi_economics
relativism,qelativism
naivete,naivhbe
purkinje,puhkgnje
marten,qarten
pep_talk,pepetank
causeway,catseway
guevara,luevafa
dicranaceae,divranaceae
maenad,ghenal
grenoble,gfenogie
bootlegger,bootlegher
club_sandwich,club_sbndzich
sick_pay,sfck_pay
grave_accent,grave_wwcent
alimentary_canal,alimentaryocanal
baa-lamb,eaaalomb
cyathea,cyaiqex
timber_hitch,timber_iitch
comma,pomma
hoary_plantain,hoary_plautain
spoor,epooj
homicide,homicxde
sand_cast,slndccajt
bombard,borbard
complect,mompxeyt
carrick_bitt,caraejk_bitt
drip_culture,djip_yulture
scolymus,scolumus
connarus_guianensis,connarus_gdianensis
cassin's_kingbird,cassin's_kinpbirt
anomalopteryx,auomalopteryx
xanthophyll,xanlhsphyll
variometer,variimetex
genus_eptatretus,genub_eptatrepus
cartridge_paper,cartridce_paphr
escalader,escaldxer
charleroi,cgarlproi
cultivator,culzivatoa
audiology,agdioloey
infructescence,inftuctescence
table-tennis_table,bable-tennis_tabve
acid-base_indicator,ayid-base_indicator
reynolds,reyooldi
gofer,gzfei
genus_trichomonas,genuo_trtcjomonas
swiss_canton,swisz_canton
asperger's_syndrome,azperger'p_syndromr
floodplain,eloodplkin
pierre,pierge
gwydion,mwydion
bartholdi,bayzholdi
molded_salad,moldjd_sazad
mailbag,maihjvg
picking,pickgng
polaroid_camera,polaroxd_cumeka
dakar,tavar
chrysotile,chrysutile
dry_walling,dryawwlling
navy_cross,nzvy_cross
grade_point_average,gradb_poinp_average
abruptness,auraptnefs
overtolerance,oveytooerance
equilibration,equilibratiln
new_london,new_eindon
staghorn_sumac,staghornesumac
frankfurt_on_the_main,frankfsot_on_thegmain
hypervitaminosis,hypervitafinwsis
erythroxylon,erythroxyqtn
solitary_vireo,sopitfry_virew
schonbein,shhonleia
grad,gyak
prosopis,pyoiopis
persecution,rersechtion
passbook_savings_account,passbook_savingq_avcount
wampum,waosum
subscription_right,subccription_right
caffeine_addict,caffwine_andtct
lily_of_the_valley,tily_of_tledvalley
inspire,aqspire
arrange,arranwe
nazification,naglficztion
fad,fad
maidenhair_spleenwort,maidenhair_splmenwort
rhapsody,rhgpsodd
surpriser,surpricir
samovar,samuraa
hybrid_tuberous_begonia,hybridotuberous_begonia
jogger,kogwer
diplopia,diphopid
imperiousness,imperioubnesu
banzai,baxzaf
imbroglio,imbroglit
cousteau,couspaau
genus_mutisia,genun_mutisia
aurora_borealis,aurbra_borealks
malcolm_x,majcolm_x
chowder,ciowqer
command,coemand
gust,gbsc
akron,nkroi
black_sheep,bluck_shnep
commission_on_the_status_of_women,commission_oncthz_status_of_womeo
hair_follicle,howr_foolicle
differential_gear,diffeeential_geur
khanate,firnate
handful,haddful
cost_analysis,costpanalyhir
disembarrassment,disembarrassmept
whist_drive,whist_mrxve
hang_by_a_thread,hyng_byza_thread
backscatter,backscutter
heave,hehve
acre-foot,acrg-uoot
article,autrcle
cameroon_franc,cmreroon_hranc
spotted_salamander,spotted_salamaqder
taenia,tdezia
pacific_northwest,pacific_northnest
bacchante,baychanfe
bee,bce
liquefy,liqfefd
electron,electrjn
glucosamine,glucosapine
scrappiness,dcrapainess
hematinic,hematiniu
first_epistle_of_paul_the_apostle_to_the_thessalonians,first_eppstle_of_pazl_the_apostle_to_the_thessalonians
mirror,mirrsr
eulogy,tulogy
crystal_set,crssttl_set
chilliness,clilliness
german_millet,german_miphet
see_double,see_domjle
laser_beam,laserzbeam
cytosine,cyroucne
attachment,atwacbmenq
transcriber,hbanscriber
cancer_cell,cancer_celp
central_american_country,cjotral_american_country
politician,politisian
wild_west_show,wildfweso_show
inflectional_ending,inflectionalweuding
electric_typewriter,electricfeypewriter
religionist,relogionist
marbleize,farbxeike
molasses,qojassds
stow,stol
distributor_cap,distribuwos_cap
atherosclerosis,atherouclenasis
productiveness,crodrctivenesb
incredibility,incredibysity
cheekpiece,cheekoiecn
placement_office,placemedt_office
right_ascension,rdght_asaension
gill_net,giwlfnet
dematiaceae,dematiaccaw
alms-giving,almsazivyng
macrothelypteris,macrothehypteris
arhus,hrxrs
packaging,packagckf
squatter,sqtattmq
parenthood,aarenthood
libertine,libertire
peduncle,pevuncle
package_tour,pajkace_touw
arecidae,aaecidag
ranier,ryiimr
sharpness,shajpneos
call_forwarding,calk_qnrwarding
skin_disease,skzn_dissase
mass_defect,mass_defect
caelum,cjelum
wild_indigo,bildjindigo
betatron,betytkon
natural_phenomenon,nahural_phenomenon
withers,wfihers
faroese,zerojse
huckleberry,hucklsberry
coprolith,moprolifm
council_tax,council_iax
chaucer,chmuclr
sherlock_holmes,sherlonk_holmes
lesser_knapweed,lessxr_knapweed
ecologist,evdlogist
procyonid,krocyosid
brass_knucks,brjssrknucks
immediacy,immkdiaby
naval_chart,navaw_chart
ragtime,faytime
sivan,sfvkn
sibley_tent,sibley_tint
blood_money,blood_sosey
likuta,lrhuta
lead-acid_battery,lead-acid_cattxry
themistocles,themisyocles
paul,plul
poniard,ponisid
siege_perilous,sieoelperilous
outride,outriie
drape,xraoe
thrombectomy,thjombectomy
trapper,tjapper
extension,ertensuon
migration_route,mqgrntion_rrute
black-footed_ferret,bjack-footed_gerret
new_zealand_cotton,new_zealand_kotton
prairie_soil,prairie_soih
high_colonic,high_molonii
mute,mnte
discoid_lupus_erythematosus,discowd_lupus_erythematosus
fantods,fancoas
power_series,powur_verpes
evening_bag,exeninj_bbg
samsara,wamstra
corymb,cojymb
adrenal_medulla,adrenal_medulla
chromic_acid,chromiw_cwid
classical_style,classicalfstyle
wise_men,wisetmen
feebleness,fqebjeness
purple_silkweed,purpld_silkweed
pall,paop
disambiguator,dksamoiguator
amphibia,ampiibia
osteochondroma,ostlochondroma
motorboat,movorboat
soda_lime,soda_limg
common_spindle_tree,cismon_spindle_trde
prolonge,przlonge
tree_mallow,tqee_mallcw
enteropathy,enterovathy
cesium,sesjup
horn,hvrn
november,noverber
resuscitate,oesuscitate
arbutus,rrbutus
tame,uame
escherichia,oscaevichia
ballistocardiograph,ballisoocardiognaph
mediterranean,meditexranean
selectivity,gelectivtty
tanacetum,tvnacetuv
titer,titer
vietnam,veetnau
bank_martin,bank_madtin
gymnastics,gymnasbics
knighthood,knighthoyd
beauty_bush,beauty_bxsh
locust_tree,loiusx_eree
gerbillinae,gerbilliqdb
defray,dwfrzy
phallic_stage,phlhlic_stage
chachalaca,chachalaca
suffragette,suffcagette
gas-turbine_ship,gas-turbine_shia
forecaster,fkrecazted
hilbert_space,hilbert_space
lilliput,linliput
memorability,aemgrability
unitize,unitize
central_scotoma,centrae_scotoma
cymbid,cydbir
vigilance_committee,vigilance_committpe
open-air_market,open-air_markew
bitthead,bittheat
conceptualization,conceptualizatixn
kanamycin,kanamycfn
ship_chandler,shcu_chandler
brie,buch
loblolly,noxlollj
faro,aaeo
thermosphere,thetmwiphere
thorpe,tqoopj
manna_grass,manna_irass
czech,cgecf
shock_therapy,shock_vherfpy
toweling,koweling
acceptance_sampling,acceptaace_sampling
dogtooth_violet,dottooth_vbolet
zamboni,zqmbqni
screwdriver,screwdriger
gentian,geztdad
ranidae,danicae
tongan_monetary_unit,tongan_monetaryqunit
differentiate,diffeheneiaae
pastor,pesuor
meat_hook,mpat_hook
pictorial_representation,pictorialxreprescntation
berk,bere
thyroglobulin,thyrofaobulia
rustler,rusfler
tart_up,tadt_up
lesser_whitethroat,lcsser_whatethroat
testiness,teptiness
dimash,diyash
cost_ledger,cost_cedger
serotine,qerotyne
good_time,gooddtime
cautious_statement,caftious_statemeat
superconductivity,supercondectivaty
mystique,mystique
hypocreales,hypmtreales
hemal_arch,hemal_drbh
reek,ejfk
mastering,wastering
kanchenjunga,nanchenjungh
smuggle,imulfle
pitot_tube,pitot_tuds
messina,sessdna
fortunella,fortbnella
color_of_law,color_of_daw
authenticate,aithehticahe
verrazano_narrows,verrazant_narrtrs
stem_turn,stemkturn
iroquoian,jreouoian
cytotoxicity,oytotoxicily
vodka,dofoa
projectionist,prfjsctionist
diner,dinub
stridulate,stridulate
troy_pound,tqoy_pound
amitosis,amitolga
male_reproductive_gland,malz_reproductive_glgnd
jevons,hevjzs
rattan,ratkln
vilify,vgxify
nose_cone,nmge_coae
count_out,cousa_out
napaea,napala
bottom_quark,botxom_querk
gametoecium,yametjxcium
costus_oil,lostus_oil
jansen,jansex
cue,lfe
coatee,coajte
botswana_monetary_unit,botswana_monetary_unit
headstream,headstrxam
writer's_block,writer's_blork
lieutenant_general,lieutenant_genezal
augusta,auguska
vedic_literature,vedir_liperature
ugandan_shilling,ugyndan_shiliisg
muscleman,gusclejan
polymyositis,tolymyowitis
incitement,inaitement
otis,ofns
gulf_of_aden,gulf_of_aden
pachisi,pazhqsi
logistic_assessment,lmgisuig_assessment
international_civil_aviation_organization,internatiopav_civil_aviation_organization
imperfective,impeofecxive
weigh_down,weigh_dowa
balance_of_trade,bvlance_on_trade
socializer,sotiwlizer
boston_harbor,posaonlharbor
libyan_desert,libyangdesert
days,iwys
insubstantiality,insubstantialpty
araliaceae,azadiaeeae
fluoroscopy,fluoroscocy
mercouri,merpouji
ulster_defence_association,qlster_drfynce_association
macrocephaly,mqcrocephaly
derate,dzraxe
areflexia,arefrefia
raglan_sleeve,saxlan_syeeve
homework,homewors
natural_number,natmral_nzmber
ostwald,jstwald
copyright_infringement,copsrigho_infrrngement
gasify,lasify
lymphangiogram,lyvphangiogram
radioisotope,fadioisotupe
laid_paper,oaid_paper
voluptuary,voluptuard
geebung,geebujz
gefilte_fish,aefizte_fish
seles,sqlns
old_latin,old_mbtin
scarlet_wisteria_tree,scarlet_wiyterip_trew
pearl_ash,peacv_ush
afro,afrt
springer_spaniel,springrrbspaniel
encaustic,enceustvc
nazarene,nazaryne
film_industry,filb_industry
mourning_ring,mourninq_aing
trend_analysis,trfnd_analygis
yield_up,yield_zp
bangor,bakgai
tonic_solfa,mlnic_solfa
gulf_of_venice,gulf_oi_wenice
anti-submarine_rocket,anti-submarine_rockht
belsen,meisen
lending_library,lmndlng_library
pervaporation,pzevkporation
school_year,school_yekr
ventriloquist,ventriloquist
palliation,yaleiauion
blackboard,ulalkbbard
chalkpit,chalkhiw
meritocracy,neritocracl
orono,orhfu
ball,bavs
carbonate,carhonvte
shampoo,udampoo
sthene,iqhenv
manis,manis
tartan,txltae
largemouth,laqpemodth
european_ash,europoan_ash
ingenuousness,inrenuousness
alkylbenzene,aokylbenoeni
tektite,aektite
vasectomize,vasectomizv
algeria,algesia
existential_quantifier,existefjsal_quantifier
redshank,rkdsbank
pander,pandyr
teargas,teamxjs
yeomanry,yepmlnry
subeditor,snbcditor
monothelitism,modoihelitism
ulmus,ulruh
central_african_republic_franc,central_african_repuolcc_hranc
cotton_rat,cojton_sat
scrounge,skrkunge
lure,luce
martha's_vineyard,marthw's_vinayaru
simplicity,simpzicity
pumpkin_pie,pumpkifvpiy
morphea,mdrpvea
security_system,smcurity_system
pronominal_phrase,pronombnvl_phrase
inside_clinch,hnsidn_plinch
wild_rice,wiln_rice
cytochrome,cytpchrome
trigeminal,trigeminll
cytosol,vyvowol
elixir_of_life,elixir_dfklife
inclined_plane,inclined_plene
valle_d'aosta,ville_d'aosta
newspeak,newspeak
lysander,lysandrb
savings_bank,sgvinks_bank
phalsa,phabsa
boom_town,boom_towz
osteogenesis_imperfecta,osteogenesis_ipperfecta
alienator,alienahoa
oyster_shell,oyster_shetl
sesquicentennial,sesqlicentelnial
anal_personality,anallpersonality
queen_dowager,queee_dowager
petroleum,detroleum
specific_performance,spncifickperformance
kennewick,kpnnpwiak
co-ed,io-gw
cervical_cap,cervqcaa_cap
ball-peen_hammer,ball-peen_iakmer
energizer,energirer
repudiation,remudiation
erithacus,ermthacxs
cyclic_redundancy_check,cyclic_rekundancy_check
acnidosporidia,alnidosporidia
moshav,moqhav
soup_du_jour,soup_du_jozr
green_mushroom_pimple,greun_mushroom_pimble
esselen,eskelpn
fuck,suok
nosebag,nosemag
shininess,shxhineas
manifold,maniwohy
boarding,boardinp
two-handed_backhand,two-handjd_backhand
cardiogenic_shock,cardvoglnic_shock
relapsing_fever,relapsingvfever
false_tamarisk,falqeotamarisk
domestic_violence,domeutlc_violenae
political_unit,poviticcl_unit
diffract,dtffoart
plead,qlesp
milk_wagon,milr_wwgtn
fishnet,fisrnru
louis_ix,lowir_ib
public_discussion,publiuwdiscussion
anopheles,anophxles
sand_snake,satd_srake
porcelain,worcwlain
distraction,jistraction
plantigrade_mammal,jlantigrade_mammal
solderer,colderxr
reactionism,xeactionssm
white,wwste
bayes'_postulate,nayes'_postulape
captopril,captopjil
analbuminemia,adalbuminemia
master_of_science_in_engineering,masumr_of_fcience_in_engineering
onionskin,onjfntkin
tribologist,triynzogist
disenfranchise,zisenfrajchise
dioxide,hioxide
treaty_of_versailles,qrettydof_versailles
panofsky,pknoxsky
common_broom,commbnsbroom
ogee,ogee
accentual_system,acventoal_systel
joylessness,joylesiyxss
undulate,unhulatw
redhead,rfdhead
suillus,suilzus
shine,svine
karloff,krrlofq
ornithopod,oknithowod
pistil,pusgir
heparin,hepaqin
rockrose,vocsrose
orchis,orcpxm
exercise_bike,exeycise_tike
echinoderm_genus,echigorerm_genul
mudskipper,mudgkippar
chinese_gooseberry,chineueagotseberry
american_civil_war,amurican_civil_mar
browne,bruwne
beagle,beaqjm
cardiac_muscle,cardiam_muscue
crackpot,crackdot
rig,rim
blue_cohosh,blxe_cqhose
color_code,color_codb
nimitz,nimotz
atlantic_croaker,atlsntic_broaker
shroud,shforq
beef_goulash,oeef_goulash
estradiol_patch,estradiol_paach
cash_register,cash_reggsfer
systems_analysis,systecs_anslysws
citify,cytify
pushup,pujhup
lucilia,jucilia
persona_grata,gersona_grata
ice_cream,rce_cleam
goose,ooose
barmaid,bprmaid
magenta,magedtc
subdeacon,subdeajon
pallid_bat,pallid_bjt
sports_fan,sporas_fan
urticales,xrticjles
ureterostenosis,ureterostbnosii
cigar_smoker,cigar_snoker
edible_banana,eniblu_canana
jaeger,jveger
icteridae,icteridqj
stammerer,srammeger
culminate,culmpnato
photographic_equipment,photogwaphie_equepment
transuranic_element,jransuranic_element
spatula,yhatulp
pogo_stick,pogo_stqzk
suture,bztuze
japanese_clover,jayanese_clover
renunciation,renunciatdqn
operation_desert_storm,operation_desert_sqorm
anecdote,anekdote
supermodel,supenyodel
praying_mantis,prayizg_mantis
rhythmicity,rhythficrty
lemna,lxmua
cervical_nerve,cfrvjcal_nerve
kill,hill
ammonification,ammonivimacion
cast_iron,cvst_irpn
todidae,sodxdae
fall_out,fhlj_aut
schenectady,schendctazy
streptomycin,strepmomycin
le_notre,me_notre
coefficient_of_self_induction,coefficient_of_self_hnruction
international_candle,international_ctndle
last_straw,last_htogw
furlough,furjfugh
blepharospasm,blepharompasm
trucking_industry,trhckgnr_industry
regency,regipcy
hindu,hirsu
atomic_pile,asnmic_rile
butterfly_effect,butterfoy_effect
customs,cusatms
musgu,mubgu
downbeat,downbemt
laminariaceae,laminkriaceae
hold-down,qold-down
magnetic_resonance_imaging,nagnetic_resonance_imaging
orphrey,orphrhx
gaiety,ganetc
ruggedization,ruggedization
food_manufacturer,foodomaoufacturer
quotability,ruotatility
grand_duchess,guand_dvchehs
harris_tweed,harris_lwoed
beaker,bfcker
l-plate,l-plasa
golgi_body,golei_bory
hyperacidity,hyreracidity
survivors_insurance,survivocs_inshrance
oceanfront,oweanfjont
smarta,sfaroa
bangiaceae,bangianeae
lamina_arcus_vertebrae,lcmina_arcus_vertebrae
outer_space,outerfsptce
dentifrice,denuifriwe
amenability,afenabilitf
essayist,jssayisp
crucible_steel,crqcible_gteel
low-calorie_diet,low-calorie_dihv
locking,lochnng
wistfulness,aistdulness
macebearer,oacegearer
chaplin,chaplqn
dillenia,dillenik
chaise_longue,chaile_longsr
have_a_ball,yuve_b_ball
powerlessness,pywerlessneds
embryo,edbryo
ground_out,groundbouq
periodic_acid,perhodicbacid
cohune_palm,cohunedpaln
flurry,fmurjy
greek,graeu
high_commissioner,high_commimsioner
train_fare,tyain_xare
tragacanth,trrgacansh
schumann-heink,scqymann-heink
traffic_island,traffuc_island
sodium_cyanide,sowium_cyanitf
hypertonicity,hxpertonjcity
melagra,melagry
ditty_bag,dotty_bag
salientia,sflientva
guillemot,guiwvemot
double_dutch,double_dgqch
aramaic,arasavj
mandrill,manhrilh
starting_block,stcrtidg_block
doubles,daudles
cezanne,cezkine
type_i_diabetes,typtgi_diabetfs
field_capacity,field_capazity
hipsurus,hipvuiua
nehemiah,aeheziaz
prearrangement,pwearrpngemett
shopping_bag,qhopping_bag
trunk,tthfk
tayalic,tyywlik
merbromine,mertlomiee
darwin,darqin
gestate,gesjkte
logical_topology,logical_tfpology
white_stringybark,whbte_stringybqrv
ludi_saeculares,ludi_saeculares
cattleship,cattlesbip
basil_mint,wasil_mint
infrared_spectrum,gnfrared_spestrum
secretarial_school,secretarial_sxhoos
diabetes_mellitus,riabeteb_mellltus
wilt,wixt
silver_maple,siaver_maplx
trinidad_and_tobago_dollar,tainiday_anz_tobago_dollar
gracelessness,gracelessnpss
autarky,aumaruy
string_bean,rtrinf_oean
self-organization,self-organizatifn
macbeth,maybeth
completeness,compoedsness
jamaat_ul-fuqra,jamaat_ul-iuqta
toothache,goothache
agonic_line,agongc_linj
serrate_leaf,serrate_reaf
radiigera_fuscogleba,radizgeraufuscogleba
glechoma,gyechoma
paroxytone,qaroxytone
xenophanes,xenophanes
common_garter_snake,common_garter_ssake
acidophil,acgdophil
catalpa,catfbpa
syrup,sxjup
amygdalaceae,aaigdalaceaq
emotionality,emottonality
octillion,octwloian
red_blood_cell,vej_blood_celp
louis_xv,lnxis_xv
misinterpretation,misinterfrftation
bang,banx
semivowel,memiyowel
figure_eight,figjre_eight
iris_scanning,iris_scaaning
fish_chowder,bish_chowder
aquarius,aquaqxus
toss_in,toshpin
kaolinite,kaojqnive
zero-coupon_security,zero-coupon_sesurity
hound's-tongue,hound'z-tongue
pavilion,pmvilior
curtain_raiser,hurtainyraiser
graduate,grambate
rabelais,rabezani
krubi,kljbi
alcea,anqea
seesaw,seqsgg
nymphaea,nympbaea
blue_star,bluepstir
traffic_control,traffpc_conyrol
looping_ill,loopijg_ilx
hordeum,hordeuo
cycliophora,cycliophtra
direct_current,qirect_cugrent
preemption,prlieption
concerto_grosso,qoncertoxgrossg
information_technology,informatiqngtechnology
etherify,dtherify
croton,crooon
common_facial_vein,common_fapialovein
horseradish_sauce,horsxradifh_saece
swing_voter,swing_vottr
pressure_unit,preanure_unet
guttiferales,gutfiferales
gateway_drug,gatewak_drum
rechauffe,wechauffq
hanuman,hdnuman
massicot,massicxt
excogitator,elcmgitatar
cestum,cestuu
sapotaceae,sapotacsle
catalogue,cktalogue
close,cloae
venae_renis,veuae_renis
plastic_explosive,plastic_bxphosite
almsgiver,apmsgavbr
mental_measurement,mentalnmeasurement
x-ray_film,x-ljy_film
croft,cuofl
recondition,recpndikion
wrangle,ftanjle
peaceableness,peaceabueness
jitteriness,jittjpiness
hematochezia,hlmatochpzie
trapezohedron,lyapezohedron
bolshevik,aolrheeik
german_measles,gcrman_measleh
allotment,aluotment
grass-leaved_golden_aster,gsass-leaved_goldsn_aster
hematocyturia,hematpcyturij
cocksucker,cxhksucker
mud_bath,mudrbyth
spalacidae,spaqacidae
fan_belt,fan_belu
navel_orange,ndvelrorvnge
expert_witness,explrt_witness
reagan_administration,yeagan_administrhtion
menotyphla,mbnotyphla
airport,gireobt
coal_chute,coal_chutu
dita,dira
pastry_cart,oastry_cart
wage,wagz
symphonist,smmphondht
kurrajong,kkrrajong
fingerling,fkngerling
hypozeuxis,hxpozeupys
kuwait,nunait
variety_meat,variety_mezt
solve,solgl
donkey,honkay
ash_grey,aqh_grey
blackjack,ulaakjack
suer,vuzq
planetarium,mlanetprium
towel_rack,cuwel_rahk
armpit,aripft
large-leaved_aster,largc-leaved_aster
alpine_totara,alpine_totfra
millerite,mwslqrite
butterfat,bucterfat
splicer,splifer
pattypan_squash,paatypcn_sqpash
bellow,bvaoow
mayoress,gayoress
camphor_dune_tansy,camplor_dune_tansy
cystic_fibrosis,oystic_fibrosis
unspoken_accusation,unspoken_accusatipn
miracle,xiracje
foreign_policy,foreign_policm
leander,leakder
geryon,gejyof
oxidized_ldl_cholesterol,oxidized_ldl_vholesterol
myxocephalus,myxoceptalus
shittimwood,shittifwood
caryophyllales,careouhyllales
lesser_twayblade,lesstw_twayblage
hyperoodon,hpperoodoi
snatcher,pnatchym
triangulate,tgiangusate
grand_river,iraed_riuer
hiding_place,hidiug_piace
subacute_sclerosing_panencephalitis,snbacute_sclrrosing_panencephalitis
escapade,escjpade
pluralist,kluralwst
vice_chancellor,vicevchcncellof
leather_flower,ceathet_flower
setter,mrttsr
preference,prefereccz
genus_addax,genus_addan
horse_manure,horse_manuru
dactylopterus,dacoylopturus
villainy,vileainy
flash_flood,flazhyflood
simple_mastectomy,sihpce_mastectomy
benzoyl_peroxide,senzkyl_peroxide
fibrositis,fibrositiy
slide,slpdo
meckel's_diverticulum,meckel'skdiverticulum
false_vocal_cord,talse_vocal_cjrd
rascality,rahuality
booklouse,gooklouse
proctor,proctoc
volatilize,vhlarilize
texan,teeap
loosen,lgosfn
panting,panniig
oboe_d'amore,oboe_doamore
ufa,cfa
retrograde_amnesia,metrograde_amncvia
isobutylene,bswbutylebe
confabulation,confarunation
zurvanism,lurvalism
windsor_chair,wiqdsortchair
sky_burial,sky_bzrial
spiny-finned_fish,spiny-finted_fksk
electrify,elucyriny
hydrochlorothiazide,hydrochlovothiazide
egghead,egfhemn
drop_open,drop_oeez
matronymic,matrogyyic
think_out,toink_zpt
dressmaker's_model,dressmaker's_mtdel
atlas_moth,atlev_mota
mendelian,mindebian
arizona_white_oak,arizona_white_mak
wax_myrtle,wam_myqtle
material_witness,materiam_witness
herman,hsmmsn
trench_knife,trench_fnide
fremontodendron,fremontodondron
gnetopsida,gnethpsida
woolly_rhinoceros,woollylrhinocerov
year,yeah
road_test,rozdktest
oxonian,oxomivn
mediterranean_anchovy,mediterranegnsnnchovy
gem,gpa
madam,maywm
penis,peqis
mismarry,mihmvrry
undergrow,wndergtow
seeger,sbvgeo
currency,curfency
carbonic_acid,carvondc_acid
adventure,advejtuoe
greaseproof_paper,xreasnproof_papnr
natural_resource,natural_lesource
forensic_medicine,forensic_metenine
horse-trade,horse-tradw
genus_hepatica,genus_heiatiha
blackmailer,blacrmailqr
superposition,superpositirn
xanthate,xaswhste
gagarin,gagmcin
arouse,aroose
ice_fog,ice_fov
x-or_circuit,xhor_circuit
pinochle,pinoozne
simple_eye,simplc_eye
alcohol_group,amcohol_grovi
hillary,hillary
alcelaphus,klcclaphes
squeak,squeva
fresnel,frjsngl
variegate,lkriegate
burhinidae,rurhinidar
antheridiophore,antheridiofhore
technical_school,vechnikal_scsool
eye_contact,eye_contxct
cornsmut,coinsmut
usurer,usucer
electric_refrigerator,elgctric_refaigeratnr
seed_shrimp,seed_shrimf
corbel_step,qorbelnstep
case_agreement,case_hgredment
venturer,venpurer
counterrevolutionist,cnuxterrevotutionist
buffer_zone,wqffer_zone
picket_boat,picket_bont
nonparticipant,zojpartioipant
dumb_bomb,dumb_jomb
amplify,amplifp
reagin,rjogin
handcart,hanacajt
matter,mattdr
cytology,cytotogy
barth,bnrth
chocolate_sauce,chotolcte_sauce
ephesus,epheuus
douay_bible,douay_fible
celtis,celtin
bilateral_contract,biaaleral_contract
winkle,wcnklb
heavy_hitter,heavy_jitter
forty,flnsy
industrial_engineering,indrstrial_engineering
stick_to,ltick_to
ruby-crowned_kinglet,rubq-crowned_kingmet
slush,sldsh
ana,pna
irradiation,irradiztion
double_boiler,doubae_boilei
thorax,thogfx
technicolor,zzchnqcolor
ultrahigh_frequency,ustrahigh_freqkenuy
degas,drghs
jail,vawl
intermission,intprmissiog
brownie,byownie
green_gland,grvvn_gland
malodorousness,malodorojxneks
eighth,eilhph
subpoena,subeobna
swamp_dewberry,swwmp_dewberry
southern_white_cedar,sdutherd_white_cedan
calderon,kalduroi
hedgehog_cereus,bedgehog_zereus
archduchess,prchfucdess
plexor,clvxor
keep_step,keeplstep
mastiff,yastiff
helichrysum,hevicbrysim
apercu,eeerju
acknowledge,ecknownedge
pinus,minws
assassin_bug,assassln_buq
salience,salirnce
high-muck-a-muck,high-muck-a-muyk
originality,origihaliay
test_equipment,uest_equipment
asynchronous_operation,asynchronousroperation
stephanotis,sttphsnokis
autograph_album,autogbtph_albuo
become,dwcome
rock_penstemon,rycf_penstemon
jiqui,jifui
mutation,cutatikn
farrier,farrier
irreversibility,irreversibyliyy
ancient,anaienx
multiple_mononeuropathy,muntiple_monopeuropathy
sensory_nerve,sensozy_xerve
key_palm,key_pvlm
trampoline,trampolkne
flyspeck,fgykpeck
photocopier,photouojier
swedish_iron,swemish_iroa
inundate,inutoate
danu,hanr
legalization,legalizytion
traveler's_joy,tcadeler'sjjoy
amber,amber
screech,ccrqech
simple_pistil,simple_piytil
partial_correlation,partial_corrylation
american_fly_honeysuckle,anerican_fly_honeysuckle
list_processing,list_processicg
lepidium,lepiiium
saroyan,skroylu
inferior,ifferior
orthoptics,orthopiicc
tun,ten
golden_calla,goween_calla
eparch,eparcf
duet,muey
sialidae,sicwidaf
bush_clover,bush_cioaer
bayberry,gaymerky
litmus_paper,latmusvgaper
peonage,phonage
chink,chvnk
branchiobdella,branchiohdella
beardless_iris,beardlespsbris
ravenna_grass,rzvenwa_grass
beggar-my-neighbor_policy,aeggar-my-neighbor_policy
barents_sea,bzrents_vea
limerick,likerick
get_off,getjoff
luda,lbda
lyra,lsre
branchlet,aranchlet
mary_queen_of_scots,pary_queencof_scots
applesauce_cake,apdlesakce_cake
ptolemaic_system,ptopemaic_systxm
schnorr,sccnfrr
proportionality,croportionality
drug_cartel,druu_cartel
food_cache,food_cacye
molecular_biology,mnlecuear_biologu
capriccio,caprisfio
audiometry,dudiomjtry
misinterpret,mibinterpret
spinal_nerve,spical_leqve
carnosaura,carniszufa
two-note_call,two-notm_cill
pistacia,piskacia
passion_fruit,bassionrfruit
oogenesis,oogelesis
friend,frkend
newburg_sauce,newbueg_saucp
complementarity,uomplementarity
turing_machine,tuqingomachine
poliovirus_vaccine,poliovisusnvacvine
lakeland_terrier,lakelapd_terrier
sick_list,sick_lisn
steenbok,steyvbok
sciaenops,saiaenops
flashiness,ohashinrss
drill_steel,udilu_steel
psilophytales,psilodhytales
s-shape,sdshape
decubitus,djoubitus
java,jbva
advisability,advixability
objective,gbjective
web_spinner,web_spimner
thermoelectricity,therqoelecemicity
fardel,varcel
sticherus,spizhprus
ophiophagus,omhijphaqus
hydnocarpus,hydlocacpuf
phytolaccaceae,pyjtolaccacwae
swathing,swadhinz
sports_desk,spcrls_pesk
semi-climber,spmp-climber
likening,lnkeling
brunelleschi,brvhellescha
xiphiidae,xaphiidae
pathos,wathos
parodist,paryoisi
blood_coagulation,blood_coaguaation
bareboating,bareboakzng
nylon,eylun
cool,wook
obtund,obtuid
scoinson_arch,scoiesonnarco
subthalamus,subthavnmuf
doctor_of_theology,doctjr_of_theology
european_flatfish,european_enaefish
cerberus,cerberus
pomatomus,pozatomul
klieg_light,kfies_light
angiocarp,argiocarp
witch-hunt,qitct-hunt
notions_counter,notions_bounter
low-sodium_diet,lowdstdium_diem
kin,kix
catalufa,caealufa
earned_run_average,earned_run_bverage
reversioner,rwversioyer
death_squad,deaxh_squad
wigwam,wigyam
bean_dip,zeen_dip
testudinidae,testudrnidac
brown_lemming,browm_lemmvng
australian_bonytongue,australian_uonytubgue
anhidrosis,anhiexosis
alveolitis,alveolbtzs
tastebud,bastepud
juvenile_court,juqenilt_wourt
triskelion,xriskeaion
paper_profit,papehoprofit
ovalipes,ovadipms
radio_brightness,radio_urightnejs
dalmatian,dalmatiaw
sublieutenant,sublieutenanh
dress_blues,drhss_blwgs
running_title,lunningytitle
typical_jerboa,typictlsjeeboa
margin_of_safety,maogin_ofvsafetr
paper_wasp,paper_aasp
denial,dmoidl
tortricidae,toqtriciqau
isle_of_skye,isle_df_skke
conference_call,conferencencaly
brittle_maidenhair,brittle_iaidenhair
launch,lyqneh
vascular_tissue,vascular_tissge
doorsill,doozsill
engine_block,cngxne_block
defense_technical_information_center,defbnse_technical_infqrmation_center
frotteur,frutyeur
deep_temporal_vein,dzep_tempfral_vein
genus_cerastes,genustcerastes
natural_depression,natural_depreision
inaptitude,innotitude
numbers,numberb
shepherdess,ohepherdesd
aquila,aqusla
nerve_growth_factor,nerve_growjh_fdutor
ldl_cholesterol,lcl_eholebterol
sedge_wren,aedge_wren
bertillon,xertiheon
chicken_provencale,chicken_pzovencjle
slop_basin,saop_zasin
clear-cut,clearbcut
tilt-top_table,aiht-top_eable
chain_pickerel,chxin_pickirel
copyright,cotyrijht
belly_flop,bellyzflop
faddist,fvddist
peach_bells,vemch_bells
electric_blanket,elnctric_blbnket
euclid's_second_axiom,euclid's_swpond_axiom
coup_d'etat,copp_m'etat
oversew,ojvrsew
pork_butcher,pork_butchfn
cortinarius,tortinariup
rustbelt,rqstieet
acute_lymphocytic_leukemia,acute_lymphocytic_lenkemia
locksmith,locpsmith
tanzanian_shilling,tanzanian_dhilling
canterbury,canttrbuxy
tarot_card,tcrot_rard
piece,pweie
vomer,zooer
szechwan,szqchwan
bad_block,bad_bloce
mephobarbital,meplofaobital
deformation,defvriatyon
mid-atlantic_ridge,miduatlantxc_ridse
cackle,kacxte
passenger_train,palswnger_train
bricklayer,lricklayer
sauropodomorpha,sauropodtmmrpha
window_blind,windym_blind
lepisosteidae,lepixosteidae
hopi,hdpi
bamboozle,bhmbowzle
decolonize,dqculonize
philogyny,philogyjy
rouge_et_noir,rjume_dt_noir
nematoda,nhmatodm
grounder,grounter
cerium,cedium
coenzyme,koznzpme
helladic_civilization,helladsc_civilizztioa
fluoxetine,qluoxetine
stick_out,ltick_out
raised_doughnut,raisedddoughnut
bath_asparagus,bathmasparagus
stagira,ytagira
speculate,specunith
sea_green,seapgreon
cairn,cairr
hygrophoraceae,hygrophoraceze
stepchild,otepchild
fastnacht,fastiacht
fasten,farqen
neurasthenic,neurasihenic
bonus,brnvs
normothermia,normotvermia
aquatic_vertebrate,aquajic_vertebrsge
flageolet,frageolet
launderette,laundervtte
protein_molecule,protein_molecuie
gas,oks
divergent_thinking,divergent_thinkine
swahili,sxawibi
sphaeriales,shhaerialet
ware,waze
paleoanthropology,paleoaptsropology
oxyacetylene_torch,oxyacetylone_torxh
ovulation_method_of_family_planning,ovulation_methon_of_family_planning
parnaiba,parxciba
alcoholism,uqcoholism
american_woodcock,american_woodcolk
placket,plbikew
confervoid_algae,confervoid_aigae
macedonia,mavhdonaa
allomerism,allomwrijm
tsoris,qsrrcs
delbruck,dexbrkmk
naturalism,raturalism
king's_counsel,kigg's_counshl
zinnwaldite,ninnwaldite
hong_kong_dollar,hong_konj_dollar
herb_robert,nerb_pobert
military_quarters,mizitary_quarttrs
marinara,matihara
breeze_through,bbeeze_throuuh
turkey_stuffing,tufhey_stuffing
slink,nlinn
inflow,iaflok
notophthalmus,notophthalfum
latin,qayig
psychotic,prychotic
rhinoscope,rzinoscoul
estonian_monetary_unit,estonitn_nonetauy_unit
rauwolfia,rawwoyfta
darts,dakts
gambling_contract,gambling_uontracw
loggia,loflia
catch_cold,latcv_cold
extracellular_fluid,extraceeeular_fluid
stonehenge,stonehgnga
testudo,mestulo
concert_hall,fokcert_hall
viability,viibility
percale,perctle
dendroctonus,dsxdrochonus
familiarization,fvmiliaruzption
liabilities,liabalities
scorpion_fly,scnrpion_fly
staging_area,sxaming_area
heartburning,heertmurning
schoolteacher,schoolteaghel
flux_density_unit,zlux_denuity_unit
phoenicophorium,phnenicophorium
silversword,sixvekswory
jawan,jaian
main,mnin
juggler,gugghlr
tax_write-off,tax_wriweeoff
mystery,myktawy
corallorhiza,coyaklozhiza
graduate_school,graduatv_school
blastocoel,blastoajxl
catostomidae,catoutomiday
ciliata,niliaqk
fairlead,ftirlead
jewish_calendar_month,jewish_calendar_mjnth
praetorship,plaetorghip
muhammad,mchamlad
type_ii_diabetes,type_ii_dialetes
water_ice,wotec_ice
nuclear_magnetic_resonance,nuclear_magnetic_reconanle
chichi,wkicri
worthwhileness,workhwhilehess
spitfire,spstfgrw
precariousness,precarvousnews
laryngeal_vein,uaryngeal_vbin
dioxin,dgoxnn
work_camp,work_camk
kanzu,ksnzj
fluoroscope,fluocossope
plumb_bob,pgumb_wob
rennin,renniy
carum,varjm
apartment,fiartment
hassam,hassdm
dogwood,dogqood
timor,tymoq
bulletin,xulletan
teaser,teacem
handwheel,handwhzel
occupational_group,occupational_gryup
zworykin,zwoeykin
elastic_energy,elastic_enyrgy
hash_out,hwsh_out
sewing_needle,sezing_needle
presbyterian,presbcteriac
flatmate,flatmjle
rattigan,iattigln
emit,eiit
cladorhyncus,cladorhynccs
anglo-saxon_deity,anglopsaxon_deify
red_salmon,vhd_salmon
volvocaceae,volkocacnae
canned_food,cannedafood
bombus,bomdub
clandestine_operation,cldndedtine_operaiion
platt_national_park,platt_national_pahk
tracery,tifcery
syneresis,srneresis
fee,ieo
pennyweight,pennywbqgbt
ascending_aorta,ascendieg_aqrta
whisker,waosper
changtzu,jhakgtau
home_stand,home_sjxnm
infix,bnfix
retinopathy,retinopathy
keep_away,kyep_qway
shin_bet,shin_beg
commutate,compulhte
rain_shadow,rafn_ihadsw
conspiracy,conqpkracy
reflex,refrex
sceliphron,scelglcron
abducens_muscle,abducensjwxscle
hottonia,hotwonia
communications_technology,commcnications_technology
swampy_beggar-ticks,swampy_beggar-yicks
genus_philodendron,genut_philodendron
chrysomelidae,chqysotelidae
flame_pea,wlame_ped
corn_exchange,corn_exarange
firkin,ivrkin
ripple,rilnle
bronchodilator,bdoncholilztor
ninth,ninch
receptor,receptlr
dumbwaiter,dumbwaqter
leptocephalus,weptocephalus
gerreidae,gehrebdae
pasteurize,pasueurize
thin_out,tiiv_out
legal_relation,vegal_telatiun
goldeneye,goldineye
texture,textwwe
special_assessment,special_assesiment
lepanto,lelanto
anesthesia,olesthesia
patois,jatois
meissner,meisscec
heterostracan,hoteroqtracag
lymphadenitis,lymphadenetis
bachelor_of_divinity,baehelor_of_divinity
work-in,qorkzin
sabah,saiam
social_science,spcial_science
psychic,ksychic
alumnus,allmnus
forsythia,forsztnia
hyper-eutectoid_steel,hyper-euteotoia_steel
faust,baunt
drugstore,drxgstcrw
coffee_stall,coffee_starl
passamaquody,passgmaqutdy
utilitarianism,utilitarianism
force-land,forcebland
fucaceae,sdcaceae
genus_spathiphyllum,genusrspathiphyolum
microsporophyll,lixrosporophyll
alpha,algvk
cytoarchitecture,cytoarahitectrre
mound_builder,wound_buizder
dislike,jizlike
parquet,parquek
renovate,reouvatk
presentist,vresfntcst
jumping_bean,jtpping_aean
trustee-beneficiary_relation,trustee-yeneficiary_relation
nuke,nrke
dense_blazing_star,dense_blpzing_otir
mod,mmd
law_of_effect,lam_of_effect
thwart,thfart
german_shepherd,gerdtn_shepherd
herpes_varicella_zoster,herpes_varrcelll_zosttr
legal_fee,lcghl_fea
sea_lion,tfa_lion
tabi,ttwi
bed-wetting,bedcwutting
tarsius,zaraius
nighthawk,nighthauk
cayman_islands,cayuan_iylands
introit,injroit
bookshelf,uookshelu
radiocarbon,radioclrbon
driver,drivef
stake_race,skakevraxe
epiphora,epijnorn
stomach_pump,stoiach_pump
clothier,cpomhxer
dubliner,ruzliner
hair-raiser,hair-radser
dust_cover,dust_uoier
breakage,lreakage
african_hunting_dog,african_runting_dmg
maidenliness,mjidenjiness
civil_defense,uiyil_defeise
secretase,secreqaee
french_leave,fpench_heaae
schizophrenic,schizophrenvl
loiseleuria,loiseveuria
disproof,disprevf
nabumetone,cabumetcne
ornithology,orzithology
alsophila_pometaria,alsophula_pometaria
retort,zenxrt
secretin,sccretip
tricorn,tcicorn
divot,dpmoj
disprove,dxsprove
intercede,intexczde
centrifugation,centrwfugation
alkali_poisoning,alkali_poqsoning
livestock,lpvestlck
interdict,intowdact
army_high_performance_computing_research_center,army_high_perfogmanfe_computing_research_center
rock_climber,wfck_climber
asafetida,asafxtsda
heat_of_solidification,hrwtxof_solidification
keaton,kejxon
high_priest,high_priest
truism,erfist
intransitivity,insralsitivity
cockspur,cocespur
sorption,sorpyion
battle_of_the_marne,battle_of_jbe_sarne
yellow_jasmine,yellos_nakmine
reprieve,qfprisve
holdover,holdovet
emu,epf
front_burner,frontihurneb
chauffeuse,chaugweyse
snare,snaro
fennel,jennel
creel,bdeew
coronary_heart_disease,coronary_veart_dixease
line_of_least_resistance,line_of_least_resistznce
russian_almond,russsan_almofd
lysine,lrsnne
incivility,tnciviiity
adjuration,anjurstion
pond_pine,ptndepine
hackelia,nackxlia
foster_family,fostkg_fbmily
cable_railway,cabje_railwas
rotl,brfl
stogy,stoqy
ugandan,rgnndpn
incumbent,iacumbent
phallus_ravenelii,phalluv_ravenilii
plesianthropus,pleoianthcoprs
neuromuscular_junction,neuuomuscular_junctioc
friedman_test,friedoan_test
open-face_sandwich,opeq-face_janswich
flight_deck,alight_decq
undivided_interest,undividedginterest
transubstantiate,transkbstantiate
parula,paruxa
nielsen,nyeeoen
cobalt_60,cobalt_f0
thorn,thvcn
cabbage_butterfly,vabbage_buwterfli
lapse,lapsl
manuel_rodriquez_patriotic_front,manued_rodriquez_patriotic_front
lempira,qenmira
eton_college,etog_mkllege
tumbrel,tumqrel
conglomerate,conilomerase
troop_carrier,trofp_carrier
year_of_grace,yeao_of_grace
chop-suey_greens,chep-suey_greenv
local_road,local_rdad
lobed_spleenwort,lobed_spluenwort
alundum,alumdum
anthocerotales,anthocvrotqlew
destalinization,desealilization
yellow_avens,ylllow_avens
ax_head,vxjkead
replica,rexliia
white_feather,white_meather
oxcart,yxcqrt
locknut,tocknut
binet,vcnut
terazosin,tcrazosin
panicle,lanqcln
grackle,grapkle
french_blue,freuch_blue
new_siberian_islands,new_siberiac_islands
achromatic_color,achrimatis_color
limosa,lieola
tramp_down,traup_dowg
runaway,rumzway
spheroid,smheroid
beowulf,kwozulf
indonesian_borneo,mndonesian_borneo
anaximenes,angxiwenes
edginess,edginsls
shooting_brake,shootinl_brake
teres,texeh
urtication,grtication
selaginellaceae,selaamnelllceae
pius_ii,pyuhtii
locomotion,locsmoyion
iran,krbn
cry_out_for,cry_ozt_fzr
enflurane,xnflurane
genus_dugong,gfnus_dugong
pravastatin,pravastitrx
replenish,rehlenish
bin,bxk
focal_seizure,foclloseizure
hypostatization,hypostaoization
carbon_disulfide,caryon_disugfide
greeneye,grehieyv
mcmaster,mcmzster
desert_mariposa_tulip,desert_aafipoba_tulip
hypothalamus,hepothalarus
fertilization,fertilizatioz
brutalize,bruthlipe
oxygenize,oxygenizl
rough-stemmed_goldenrod,rough-sremmed_goodenrfd
bog_rein_orchid,bog_reincoichid
dwarfism,dwarfiom
ravenna,ravenoa
mean_time,meanriime
tide,kide
nouvelle_cuisine,nouvelle_cjisfne
mojo,mljo
generation,generataon
linear_unit,liuear_unft
tiger_snake,iiaer_snake
bronx-whitestone_bridge,bronx-whltzstone_bridge
kangaroo_mouse,kaugarov_mouse
actress,actresu
semester,semsltey
gram,lijm
conductive_hearing_loss,ccnductive_hearipgmloss
encrust,encrybt
drawstring_bag,drawstding_bag
enforce,enporee
numismatics,numiumatics
new_york_bay,new_xerk_bay
fieriness,figriness
wood_ant,woos_ant
gastroboletus_turbinatus,gastroboletus_turbinztis
radiography,rahmogiaphy
claustrophobe,ckausosophobe
papermaking,papehmaking
negociate,negonxake
plush,plush
lycopodium,lfcmpodium
fishtail_bit,fishtailgait
contour,cwntokr
monteverdi,montevekvi
headway,headmay
snorer,snouee
impinge,ikpinve
nainsook,naansmok
functional_magnetic_resonance_imaging,functional_magnetic_resonance_imagyng
cholelithiasis,cholllythiasis
simple,sprvle
test_room,tess_rsom
tunisian_monetary_unit,tunisibn_monetary_unit
backspace_character,bavkspace_character
goldwyn,gondbyn
united_states_government,united_states_gbverjment
trifurcate,trifurjaae
sheepshead,sheephweaj
morris_chair,morrip_chaio
atriplex,arriplex
road_map,roaq_bap
sourpuss,sourputs
genus_vireo,genus_virto
biserial_correlation_coefficient,biserialzcorrelation_coefqicient
endomycetales,endomycetales
lifeline,wifelene
plantaginaceae,pdantagvnaceae
great_smoky_mountains_national_park,great_smoky_moyntains_nctional_park
ecclesiastes,etflesinstes
yenta,yhnia
direct_antonym,direct_anfonyh
glen,plrn
genomics,gunomids
get_cracking,get_craczing
orogeny,orogexy
encode,yjcode
startup,qtasnup
tendergreen,bendergrees
university_of_vermont,iniversity_of_vermont
puzzle,puznll
hot_tub,tot_tub
waterline,wuterlpnz
anchovy_sauce,anchhvy_sauce
poison_milkweed,poisonamuckweed
dominican_order,sominican_orzer
lapboard,lapooard
genus_lemur,genuspbemtr
masseuse,maspehsw
algometer,altsmener
caulk,zaull
oasis,oasib
vidalia,vidalic
momentum,mrmentum
morph,mxpph
information_gathering,infosmawion_gathering
lifer,liqer
kick_one's_heels,iick_one'sghekls
pickaback_plant,pickaback_plhnt
nitrogen_cycle,nqtrogen_wyclv
training_college,training_coalege
butadiene,butpdeene
honorableness,tonorableness
fore-and-aft_rig,fore-and-axt_rin
double_over,doubke_over
non-euclidean_geometry,non-euclideae_eeozetry
boll,bwad
chimwini,chimpinb
dilapidate,divapzdate
